,coachID,year,teamID,leagueID,stint,won,lost,post_wins,post_losses
0,johnsne01,1961,PGR,ABL1,1,41.0,40.0,0.0,1.0
1,auerbre01,1946,WSC,NBA,1,49.0,11.0,2.0,4.0
2,birchpa01,1946,PIT,NBA,1,15.0,45.0,0.0,0.0
3,cliffro01,1946,CLR,NBA,2,13.0,10.0,1.0,2.0
4,cohalne01,1946,NYK,NBA,1,33.0,27.0,2.0,3.0
5,curtigl01,1946,DTF,NBA,1,12.0,22.0,0.0,0.0
6,dehnere01,1946,CLR,NBA,1,17.0,20.0,0.0,0.0
7,fitzgdi01,1946,TRH,NBA,1,2.0,1.0,0.0,0.0
8,gottled01,1946,PHW,NBA,1,35.0,25.0,8.0,2.0
9,haymale01,1946,TRH,NBA,3,0.0,1.0,0.0,0.0
10,loeffke01,1946,STB,NBA,1,38.0,23.0,1.0,2.0
11,morriro01,1946,PRO,NBA,1,28.0,32.0,0.0,0.0
12,olsenha01,1946,CHS,NBA,1,39.0,22.0,5.0,6.0
13,rolfero01,1946,TRH,NBA,4,17.0,27.0,0.0,0.0
14,russejo01,1946,BOS,NBA,1,22.0,38.0,0.0,0.0
15,sachsph01,1946,DTF,NBA,2,8.0,18.0,0.0,0.0
16,sadowed01,1946,TRH,NBA,2,3.0,9.0,0.0,0.0
17,auerbre01,1947,WSC,NBA,1,28.0,20.0,0.0,0.0
18,gottled01,1947,PHW,NBA,1,27.0,21.0,6.0,7.0
19,hickena01,1947,PRO,NBA,1,4.0,25.0,0.0,0.0
20,jeannbu01,1947,BLB,NBA,1,28.0,20.0,8.0,3.0
21,lapchjo01,1947,NYK,NBA,1,26.0,22.0,1.0,2.0
22,loeffke01,1947,STB,NBA,1,29.0,19.0,3.0,4.0
23,olsenha01,1947,CHS,NBA,1,28.0,20.0,2.0,3.0
24,russejo01,1947,BOS,NBA,1,20.0,28.0,1.0,2.0
25,soaral01,1947,PRO,NBA,2,2.0,17.0,0.0,0.0
26,armstcu01,1948,FTW,NBA,2,22.0,32.0,0.0,0.0
27,auerbre01,1948,WSC,NBA,1,38.0,22.0,6.0,5.0
28,benneca01,1948,FTW,NBA,1,0.0,6.0,0.0,0.0
29,brownph01,1948,CHS,NBA,2,10.0,1.0,0.0,0.0
30,friddbu01,1948,INJ,NBA,2,14.0,29.0,0.0,0.0
31,gottled01,1948,PHW,NBA,1,28.0,32.0,0.0,2.0
32,halebr01,1948,INJ,NBA,1,4.0,13.0,0.0,0.0
33,harrile01,1948,ROC,NBA,1,45.0,15.0,2.0,2.0
34,jeannbu01,1948,BLB,NBA,1,29.0,31.0,1.0,2.0
35,juliaal01,1948,BOS,NBA,1,25.0,35.0,0.0,0.0
36,kundljo01,1948,MNL,NBA,1,44.0,16.0,8.0,2.0
37,lapchjo01,1948,NYK,NBA,1,32.0,28.0,3.0,3.0
38,lewisgr01,1948,STB,NBA,1,29.0,31.0,0.0,2.0
39,loeffke01,1948,PRO,NBA,1,12.0,48.0,0.0,0.0
40,olsenha01,1948,CHS,NBA,1,28.0,21.0,0.0,2.0
41,auerbre01,1949,TRI,NBA,2,28.0,29.0,1.0,2.0
42,barkecl01,1949,INO,NBA,1,39.0,25.0,3.0,3.0
43,brownph01,1949,CHS,NBA,1,40.0,28.0,0.0,2.0
44,cervial01,1949,SYR,NBA,1,51.0,13.0,6.0,5.0
45,dardeji01,1949,DNN,NBA,1,11.0,51.0,0.0,0.0
46,duffeik01,1949,AND,NBA,2,1.0,2.0,0.0,0.0
47,feeribo01,1949,WSC,NBA,1,32.0,36.0,0.0,2.0
48,gottled01,1949,PHW,NBA,1,26.0,42.0,0.0,2.0
49,harrile01,1949,ROC,NBA,1,51.0,17.0,0.0,2.0
50,jeannbu01,1949,BLB,NBA,1,25.0,43.0,0.0,0.0
51,juliaal01,1949,BOS,NBA,1,22.0,46.0,0.0,0.0
52,kundljo01,1949,MNL,NBA,1,51.0,17.0,10.0,2.0
53,lapchjo01,1949,NYK,NBA,1,40.0,28.0,3.0,2.0
54,lewisgr01,1949,STB,NBA,1,26.0,42.0,0.0,0.0
55,mendemu01,1949,FTW,NBA,1,40.0,28.0,2.0,2.0
56,mooredo01,1949,AND,NBA,3,15.0,11.0,4.0,4.0
57,pottero01,1949,TRI,NBA,1,1.0,6.0,0.0,0.0
58,schulho01,1949,AND,NBA,1,21.0,14.0,0.0,0.0
59,shippch01,1949,WAT,NBA,1,8.0,27.0,0.0,0.0
60,smileja01,1949,WAT,NBA,2,11.0,16.0,0.0,0.0
61,sueseke01,1949,SHE,NBA,1,22.0,40.0,1.0,2.0
62,auerbre01,1950,BOS,NBA,1,39.0,30.0,0.0,2.0
63,barkecl01,1950,INO,NBA,1,24.0,32.0,0.0,0.0
64,budkowa01,1950,BLB,NBA,2,10.0,19.0,0.0,0.0
65,cervial01,1950,SYR,NBA,1,32.0,34.0,4.0,3.0
66,gottled01,1950,PHW,NBA,1,40.0,26.0,0.0,2.0
67,harrile01,1950,ROC,NBA,1,41.0,27.0,9.0,5.0
68,jeannbu01,1950,BLB,NBA,1,14.0,23.0,0.0,0.0
69,joneswa03,1950,INO,NBA,2,7.0,5.0,1.0,2.0
70,kundljo01,1950,MNL,NBA,1,44.0,24.0,3.0,4.0
71,lapchjo01,1950,NYK,NBA,1,36.0,30.0,8.0,6.0
72,loganjo01,1950,TRI,NBA,2,2.0,1.0,0.0,0.0
73,mckinbo01,1950,WSC,NBA,1,10.0,25.0,0.0,0.0
74,mcmilda01,1950,TRI,NBA,1,9.0,14.0,0.0,0.0
75,mendemu01,1950,FTW,NBA,1,32.0,36.0,1.0,2.0
76,todormi01,1950,TRI,NBA,3,14.0,28.0,0.0,0.0
77,auerbre01,1951,BOS,NBA,1,39.0,27.0,1.0,2.0
78,birchpa01,1951,FTW,NBA,1,29.0,37.0,0.0,2.0
79,cervial01,1951,SYR,NBA,1,40.0,26.0,3.0,4.0
80,gottled01,1951,PHW,NBA,1,33.0,33.0,1.0,2.0
81,harrile01,1951,ROC,NBA,1,41.0,25.0,3.0,3.0
82,kundljo01,1951,MNL,NBA,1,40.0,26.0,9.0,4.0
83,lapchjo01,1951,NYK,NBA,1,37.0,29.0,8.0,6.0
84,mooredo01,1951,MLH,NBA,1,17.0,49.0,0.0,0.0
85,reisech01,1951,BLB,NBA,2,8.0,19.0,0.0,0.0
86,schaehe01,1951,INO,NBA,1,34.0,32.0,0.0,2.0
87,scolafr01,1951,BLB,NBA,1,12.0,27.0,0.0,0.0
88,auerbre01,1952,BOS,NBA,1,46.0,25.0,3.0,3.0
89,beecl01,1952,BLB,NBA,2,16.0,51.0,0.0,2.0
90,birchpa01,1952,FTW,NBA,1,36.0,33.0,4.0,4.0
91,cervial01,1952,SYR,NBA,1,47.0,24.0,0.0,2.0
92,gottled01,1952,PHW,NBA,1,12.0,57.0,0.0,0.0
93,harrile01,1952,ROC,NBA,1,44.0,26.0,1.0,2.0
94,kundljo01,1952,MNL,NBA,1,48.0,22.0,9.0,3.0
95,lapchjo01,1952,NYK,NBA,1,47.0,23.0,6.0,5.0
96,levanan01,1952,MLH,NBA,1,27.0,44.0,0.0,0.0
97,reisech01,1952,BLB,NBA,1,0.0,3.0,0.0,0.0
98,schaehe01,1952,INO,NBA,1,28.0,43.0,0.0,2.0
99,auerbre01,1953,BOS,NBA,1,42.0,30.0,2.0,4.0
100,beecl01,1953,BLB,NBA,1,16.0,56.0,0.0,0.0
101,birchpa01,1953,FTW,NBA,1,40.0,32.0,0.0,4.0
102,cervial01,1953,SYR,NBA,1,42.0,30.0,9.0,4.0
103,gottled01,1953,PHW,NBA,1,29.0,43.0,0.0,0.0
104,harrile01,1953,ROC,NBA,1,44.0,28.0,3.0,3.0
105,holzmre01,1953,MLH,NBA,2,10.0,16.0,0.0,0.0
106,kundljo01,1953,MNL,NBA,1,46.0,26.0,9.0,4.0
107,lapchjo01,1953,NYK,NBA,1,44.0,28.0,0.0,4.0
108,levanan01,1953,MLH,NBA,1,11.0,35.0,0.0,0.0
109,auerbre01,1954,BOS,NBA,1,36.0,36.0,3.0,4.0
110,cervial01,1954,SYR,NBA,1,43.0,29.0,7.0,4.0
111,eckmach01,1954,FTW,NBA,1,43.0,29.0,6.0,5.0
112,gottled01,1954,PHW,NBA,1,33.0,39.0,0.0,0.0
113,harrile01,1954,ROC,NBA,1,29.0,43.0,1.0,2.0
114,holzmre01,1954,MLH,NBA,1,26.0,46.0,0.0,0.0
115,kundljo01,1954,MNL,NBA,1,40.0,32.0,3.0,4.0
116,lapchjo01,1954,NYK,NBA,1,38.0,34.0,1.0,2.0
117,auerbre01,1955,BOS,NBA,1,39.0,33.0,1.0,2.0
118,borylvi01,1955,NYK,NBA,2,9.0,12.0,0.0,0.0
119,cervial01,1955,SYR,NBA,1,35.0,37.0,4.0,4.0
120,eckmach01,1955,FTW,NBA,1,37.0,35.0,4.0,6.0
121,holzmre01,1955,STL,NBA,1,33.0,39.0,4.0,4.0
122,kundljo01,1955,MNL,NBA,1,33.0,39.0,1.0,2.0
123,lapchjo01,1955,NYK,NBA,1,26.0,25.0,0.0,0.0
124,senesge01,1955,PHW,NBA,1,45.0,27.0,7.0,3.0
125,wanzebo01,1955,ROC,NBA,1,31.0,41.0,0.0,0.0
126,auerbre01,1956,BOS,NBA,1,44.0,28.0,7.0,3.0
127,borylvi01,1956,NYK,NBA,1,36.0,36.0,0.0,0.0
128,cervial01,1956,SYR,NBA,1,4.0,8.0,0.0,0.0
129,eckmach01,1956,FTW,NBA,1,34.0,38.0,0.0,2.0
130,hannual01,1956,STL,NBA,3,15.0,16.0,6.0,4.0
131,holzmre01,1956,STL,NBA,1,14.0,19.0,0.0,0.0
132,kundljo01,1956,MNL,NBA,1,34.0,38.0,2.0,3.0
133,martisl01,1956,STL,NBA,2,5.0,3.0,0.0,0.0
134,senesge01,1956,PHW,NBA,1,37.0,35.0,0.0,2.0
135,seymopa01,1956,SYR,NBA,2,34.0,26.0,2.0,3.0
136,wanzebo01,1956,ROC,NBA,1,31.0,41.0,0.0,0.0
137,auerbre01,1957,BOS,NBA,1,49.0,23.0,6.0,5.0
138,borylvi01,1957,NYK,NBA,1,35.0,37.0,0.0,0.0
139,eckmach01,1957,DET,NBA,1,9.0,16.0,0.0,0.0
140,hannual01,1957,STL,NBA,1,41.0,31.0,8.0,3.0
141,kundljo01,1957,MNL,NBA,2,10.0,23.0,0.0,0.0
142,mikange01,1957,MNL,NBA,1,9.0,30.0,0.0,0.0
143,rochare01,1957,DET,NBA,2,24.0,23.0,3.0,4.0
144,senesge01,1957,PHW,NBA,1,37.0,35.0,3.0,5.0
145,seymopa01,1957,SYR,NBA,1,41.0,31.0,1.0,2.0
146,wanzebo01,1957,CIN,NBA,1,33.0,39.0,0.0,2.0
147,auerbre01,1958,BOS,NBA,1,52.0,20.0,8.0,3.0
148,cervial01,1958,PHW,NBA,1,32.0,40.0,0.0,0.0
149,kundljo01,1958,MNL,NBA,1,33.0,39.0,6.0,7.0
150,levanan01,1958,NYK,NBA,1,40.0,32.0,0.0,2.0
151,macaued01,1958,STL,NBA,2,43.0,19.0,2.0,4.0
152,marshto01,1958,CIN,NBA,2,16.0,38.0,0.0,0.0
153,phillan01,1958,STL,NBA,1,6.0,4.0,0.0,0.0
154,rochare01,1958,DET,NBA,1,28.0,44.0,1.0,2.0
155,seymopa01,1958,SYR,NBA,1,35.0,37.0,5.0,4.0
156,wanzebo01,1958,CIN,NBA,1,3.0,15.0,0.0,0.0
157,auerbre01,1959,BOS,NBA,1,59.0,16.0,8.0,5.0
158,braunca01,1959,NYK,NBA,2,19.0,29.0,0.0,0.0
159,castejo01,1959,MNL,NBA,1,11.0,25.0,0.0,0.0
160,johnsne01,1959,PHW,NBA,1,49.0,26.0,4.0,5.0
161,levanan01,1959,NYK,NBA,1,8.0,19.0,0.0,0.0
162,macaued01,1959,STL,NBA,1,46.0,29.0,7.0,7.0
163,marshto01,1959,CIN,NBA,1,19.0,56.0,0.0,0.0
164,mcguidi01,1959,DET,NBA,2,17.0,24.0,0.0,2.0
165,pollaji01,1959,MNL,NBA,2,14.0,25.0,5.0,4.0
166,rochare01,1959,DET,NBA,1,13.0,21.0,0.0,0.0
167,seymopa01,1959,SYR,NBA,1,45.0,30.0,1.0,2.0
168,auerbre01,1960,BOS,NBA,1,57.0,22.0,8.0,2.0
169,braunca01,1960,NYK,NBA,1,21.0,58.0,0.0,0.0
170,hannual01,1960,SYR,NBA,1,38.0,41.0,4.0,4.0
171,johnsne01,1960,PHW,NBA,1,46.0,33.0,0.0,3.0
172,mcguidi01,1960,DET,NBA,1,34.0,45.0,2.0,3.0
173,schaufr01,1960,LAL,NBA,1,36.0,43.0,6.0,6.0
174,seymopa01,1960,STL,NBA,1,51.0,28.0,5.0,7.0
175,wolfch01,1960,CIN,NBA,1,33.0,46.0,0.0,0.0
176,auerbre01,1961,BOS,NBA,1,60.0,20.0,8.0,6.0
177,dovoved01,1961,NYK,NBA,1,29.0,51.0,0.0,0.0
178,hannual01,1961,SYR,NBA,1,41.0,39.0,2.0,3.0
179,levanan01,1961,STL,NBA,2,20.0,40.0,0.0,0.0
180,mcguidi01,1961,DET,NBA,1,37.0,43.0,5.0,5.0
181,mcguifr01,1961,PHW,NBA,1,49.0,31.0,6.0,6.0
182,pettibo01,1961,STL,NBA,3,4.0,2.0,0.0,0.0
183,pollaji01,1961,CHP,NBA,1,18.0,62.0,0.0,0.0
184,schaufr01,1961,LAL,NBA,1,54.0,26.0,7.0,6.0
185,seymopa01,1961,STL,NBA,1,5.0,9.0,0.0,0.0
186,wolfch01,1961,CIN,NBA,1,43.0,37.0,1.0,3.0
187,auerbre01,1962,BOS,NBA,1,58.0,22.0,8.0,5.0
188,dovoved01,1962,NYK,NBA,1,21.0,59.0,0.0,0.0
189,feeribo01,1962,SFW,NBA,1,31.0,49.0,0.0,0.0
190,gallaha01,1962,STL,NBA,1,48.0,32.0,6.0,5.0
191,hannual01,1962,SYR,NBA,1,48.0,32.0,2.0,3.0
192,leonasl01,1962,CHZ,NBA,2,13.0,29.0,0.0,0.0
193,mcguidi01,1962,DET,NBA,1,34.0,46.0,1.0,3.0
194,mcmahja01,1962,CHZ,NBA,1,12.0,26.0,0.0,0.0
195,schaufr01,1962,LAL,NBA,1,53.0,27.0,6.0,7.0
196,wolfch01,1962,CIN,NBA,1,42.0,38.0,6.0,6.0
197,auerbre01,1963,BOS,NBA,1,59.0,21.0,8.0,2.0
198,dovoved01,1963,NYK,NBA,1,22.0,58.0,0.0,0.0
199,gallaha01,1963,STL,NBA,1,46.0,34.0,6.0,6.0
200,hannual01,1963,SFW,NBA,1,48.0,32.0,5.0,7.0
201,leonasl01,1963,BAL,NBA,1,31.0,49.0,0.0,0.0
202,mcmahja01,1963,CIN,NBA,1,55.0,25.0,4.0,6.0
203,schaufr01,1963,LAL,NBA,1,42.0,38.0,2.0,3.0
204,schaydo01,1963,PHI,NBA,1,34.0,46.0,2.0,3.0
205,wolfch01,1963,DET,NBA,1,23.0,57.0,0.0,0.0
206,auerbre01,1964,BOS,NBA,1,62.0,18.0,8.0,4.0
207,debusda01,1964,DET,NBA,2,29.0,40.0,0.0,0.0
208,dovoved01,1964,NYK,NBA,1,12.0,26.0,0.0,0.0
209,gallaha01,1964,NYK,NBA,2,19.0,23.0,0.0,0.0
210,gallaha01,1964,STL,NBA,1,17.0,16.0,0.0,0.0
211,gueriri01,1964,STL,NBA,2,28.0,19.0,1.0,3.0
212,hannual01,1964,SFW,NBA,1,17.0,63.0,0.0,0.0
213,jeannbu01,1964,BAL,NBA,1,37.0,43.0,5.0,5.0
214,mcmahja01,1964,CIN,NBA,1,48.0,32.0,1.0,3.0
215,schaufr01,1964,LAL,NBA,1,49.0,31.0,5.0,6.0
216,schaydo01,1964,PHI,NBA,1,40.0,40.0,6.0,5.0
217,wolfch01,1964,DET,NBA,1,2.0,9.0,0.0,0.0
218,auerbre01,1965,BOS,NBA,1,54.0,26.0,11.0,6.0
219,debusda01,1965,DET,NBA,1,22.0,58.0,0.0,0.0
220,gallaha01,1965,NYK,NBA,1,6.0,15.0,0.0,0.0
221,gueriri01,1965,STL,NBA,1,36.0,44.0,6.0,4.0
222,hannual01,1965,SFW,NBA,1,35.0,45.0,0.0,0.0
223,mcguidi01,1965,NYK,NBA,2,24.0,35.0,0.0,0.0
224,mcmahja01,1965,CIN,NBA,1,45.0,35.0,2.0,3.0
225,schaufr01,1965,LAL,NBA,1,45.0,35.0,7.0,7.0
226,schaydo01,1965,PHI,NBA,1,55.0,25.0,1.0,4.0
227,seymopa01,1965,BAL,NBA,1,38.0,42.0,0.0,3.0
228,butchdo01,1966,DET,NBA,2,2.0,6.0,0.0,0.0
229,debusda01,1966,DET,NBA,1,28.0,45.0,0.0,0.0
230,farmemi01,1966,BAL,NBA,1,1.0,8.0,0.0,0.0
231,gueriri01,1966,STL,NBA,1,39.0,42.0,5.0,4.0
232,hannual01,1966,PHI,NBA,1,68.0,13.0,11.0,4.0
233,jeannbu01,1966,BAL,NBA,2,3.0,13.0,0.0,0.0
234,kerrjo01,1966,CHI,NBA,1,33.0,48.0,0.0,3.0
235,mcguidi01,1966,NYK,NBA,1,36.0,45.0,1.0,3.0
236,mcmahja01,1966,CIN,NBA,1,39.0,42.0,1.0,3.0
237,russebi01,1966,BOS,NBA,1,60.0,21.0,4.0,5.0
238,schaufr01,1966,LAL,NBA,1,36.0,45.0,0.0,3.0
239,sharmbi01,1966,SFW,NBA,1,44.0,37.0,9.0,6.0
240,shuege01,1966,BAL,NBA,3,16.0,40.0,0.0,0.0
241,bassbo01,1967,DNR,ABA,1,45.0,33.0,2.0,3.0
242,biancal01,1967,SEA,NBA,1,23.0,59.0,0.0,0.0
243,brighal01,1967,ANA,ABA,1,12.0,24.0,0.0,0.0
244,butchdo01,1967,DET,NBA,1,40.0,42.0,2.0,4.0
245,cazzevi01,1967,PTP,ABA,1,54.0,24.0,11.0,4.0
246,dinneha01,1967,ANA,ABA,2,13.0,29.0,0.0,0.0
247,givenjo01,1967,KEN,ABA,1,5.0,12.0,0.0,0.0
248,gueriri01,1967,STL,NBA,1,56.0,26.0,2.0,4.0
249,hagancl01,1967,DLC,ABA,1,46.0,32.0,4.0,4.0
250,halebr01,1967,OAK,ABA,1,22.0,56.0,0.0,0.0
251,hannual01,1967,PHI,NBA,1,62.0,20.0,7.0,6.0
252,holzmre01,1967,NYK,NBA,2,28.0,17.0,2.0,4.0
253,juckeed01,1967,CIN,NBA,1,39.0,43.0,0.0,0.0
254,kerrjo01,1967,CHI,NBA,1,29.0,53.0,1.0,4.0
255,martisl01,1967,HSM,ABA,1,29.0,49.0,0.0,3.0
256,mccarba01,1967,NOB,ABA,1,48.0,30.0,10.0,7.0
257,mcguidi01,1967,NYK,NBA,1,15.0,22.0,0.0,0.0
258,mcmahja01,1967,SDR,NBA,1,15.0,67.0,0.0,0.0
259,pollaji01,1967,MNM,ABA,1,50.0,28.0,4.0,6.0
260,rhodege01,1967,KEN,ABA,2,31.0,30.0,2.0,3.0
261,russebi01,1967,BOS,NBA,1,54.0,28.0,12.0,7.0
262,sharmbi01,1967,SFW,NBA,1,43.0,39.0,4.0,6.0
263,shuege01,1967,BAL,NBA,1,36.0,46.0,0.0,0.0
264,stavela01,1967,INA,ABA,1,38.0,40.0,0.0,3.0
265,vanbrbu01,1967,LAL,NBA,1,52.0,30.0,10.0,5.0
266,zasloma01,1967,NJA,ABA,1,36.0,42.0,0.0,0.0
267,bassbo01,1968,DNR,ABA,1,44.0,34.0,3.0,4.0
268,biancal01,1968,SEA,NBA,1,30.0,52.0,0.0,0.0
269,butchdo01,1968,DET,NBA,1,10.0,12.0,0.0,0.0
270,costela01,1968,MIL,NBA,1,27.0,55.0,0.0,0.0
271,gueriri01,1968,ATL,NBA,1,48.0,34.0,5.0,6.0
272,hagancl01,1968,DLC,ABA,1,41.0,37.0,3.0,4.0
273,hannual01,1968,OAK,ABA,1,60.0,18.0,12.0,4.0
274,hardiji01,1968,MNP,ABA,1,18.0,8.0,0.0,0.0
275,hardiji01,1968,MNP,ABA,3,2.0,5.0,0.0,0.0
276,holzmre01,1968,NYK,NBA,1,54.0,28.0,6.0,4.0
277,juckeed01,1968,CIN,NBA,1,41.0,41.0,0.0,0.0
278,kerrjo01,1968,PHO,NBA,1,16.0,66.0,0.0,0.0
279,leege01,1968,SFW,NBA,1,41.0,41.0,2.0,4.0
280,leonasl01,1968,INA,ABA,2,42.0,27.0,9.0,8.0
281,martisl01,1968,HSM,ABA,1,3.0,9.0,0.0,0.0
282,mccarba01,1968,NOB,ABA,1,46.0,32.0,4.0,7.0
283,mcmahja01,1968,SDR,NBA,1,37.0,45.0,2.0,4.0
284,mikkeve01,1968,MNP,ABA,2,6.0,6.0,0.0,0.0
285,mottadi01,1968,CHI,NBA,1,33.0,49.0,0.0,0.0
286,pollaji01,1968,MMF,ABA,1,43.0,35.0,5.0,7.0
287,ramsaja01,1968,PHI,NBA,1,55.0,27.0,1.0,4.0
288,rhodege01,1968,KEN,ABA,1,42.0,36.0,3.0,4.0
289,russebi01,1968,BOS,NBA,1,48.0,34.0,12.0,6.0
290,seymopa01,1968,DET,NBA,2,22.0,38.0,0.0,0.0
291,sharmbi01,1968,LAS,ABA,1,33.0,45.0,0.0,0.0
292,shuege01,1968,BAL,NBA,1,57.0,25.0,0.0,4.0
293,stavela01,1968,INA,ABA,1,2.0,7.0,0.0,0.0
294,vanbrbu01,1968,LAL,NBA,1,55.0,27.0,11.0,7.0
295,weaveji01,1968,HSM,ABA,2,20.0,46.0,0.0,0.0
296,youngve01,1968,MNP,ABA,4,10.0,23.0,3.0,4.0
297,zasloma01,1968,NYA,ABA,1,17.0,61.0,0.0,0.0
298,attleal01,1969,SFW,NBA,2,8.0,22.0,0.0,0.0
299,belmojo01,1969,DNR,ABA,2,42.0,14.0,5.0,7.0
300,biancal01,1969,WSA,ABA,1,44.0,40.0,3.0,4.0
301,blitmha01,1969,MMF,ABA,2,18.0,46.0,0.0,0.0
302,clarkjo01,1969,PTP,ABA,1,14.0,25.0,0.0,0.0
303,colanje01,1969,PHO,NBA,2,24.0,20.0,3.0,4.0
304,costela01,1969,MIL,NBA,1,56.0,26.0,5.0,5.0
305,cousybo01,1969,CIN,NBA,1,36.0,46.0,0.0,0.0
306,gueriri01,1969,ATL,NBA,1,48.0,34.0,4.0,5.0
307,hagancl01,1969,DLC,ABA,1,22.0,21.0,0.0,0.0
308,hannual01,1969,SDR,NBA,2,18.0,38.0,0.0,0.0
309,heinsto01,1969,BOS,NBA,1,34.0,48.0,0.0,0.0
310,holzmre01,1969,NYK,NBA,1,60.0,22.0,12.0,7.0
311,jeannbu01,1969,PTP,ABA,2,15.0,30.0,0.0,0.0
312,kerrjo01,1969,PHO,NBA,1,15.0,23.0,0.0,0.0
313,laresyo01,1969,NYA,ABA,1,39.0,45.0,3.0,4.0
314,leege01,1969,SFW,NBA,1,22.0,30.0,0.0,0.0
315,leonasl01,1969,INA,ABA,1,59.0,25.0,12.0,3.0
316,mccarba01,1969,NOB,ABA,1,42.0,42.0,0.0,0.0
317,mckinbo01,1969,CAR,ABA,1,42.0,42.0,0.0,4.0
318,mclenjo01,1969,DNR,ABA,1,9.0,19.0,0.0,0.0
319,mcmahja01,1969,SDR,NBA,1,9.0,17.0,0.0,0.0
320,mottadi01,1969,CHI,NBA,1,39.0,43.0,1.0,4.0
321,mullajo01,1969,LAL,NBA,1,46.0,36.0,11.0,7.0
322,pollaji01,1969,MMF,ABA,1,5.0,15.0,0.0,0.0
323,ramsaja01,1969,PHI,NBA,1,42.0,40.0,1.0,4.0
324,rhodege01,1969,KEN,ABA,1,45.0,39.0,5.0,7.0
325,sharmbi01,1969,LAS,ABA,1,43.0,41.0,10.0,7.0
326,shuege01,1969,BAL,NBA,1,50.0,32.0,3.0,4.0
327,vanbrbu01,1969,DET,NBA,1,31.0,51.0,0.0,0.0
328,wilkele01,1969,SEA,NBA,1,36.0,46.0,0.0,0.0
329,willima05,1969,DLC,ABA,2,23.0,18.0,2.0,4.0
330,albecst01,1970,DNR,ABA,2,27.0,44.0,0.0,0.0
331,attleal01,1970,SFW,NBA,1,41.0,41.0,1.0,4.0
332,bassbo01,1970,FLO,ABA,2,19.0,17.0,2.0,4.0
333,belmojo01,1970,DNR,ABA,1,3.0,10.0,0.0,0.0
334,biancal01,1970,VIR,ABA,1,55.0,29.0,6.0,6.0
335,blakebi01,1970,TEX,ABA,2,25.0,40.0,0.0,4.0
336,blitmha01,1970,FLO,ABA,1,18.0,30.0,0.0,0.0
337,carnelo01,1970,NYA,ABA,1,40.0,44.0,2.0,4.0
338,costela01,1970,MIL,NBA,1,66.0,16.0,12.0,2.0
339,cousybo01,1970,CIN,NBA,1,33.0,49.0,0.0,0.0
340,fitchbi01,1970,CLE,NBA,1,15.0,67.0,0.0,0.0
341,fitzsco01,1970,PHO,NBA,1,48.0,34.0,0.0,0.0
342,grozaal01,1970,KEN,ABA,2,2.0,0.0,0.0,0.0
343,gueriri01,1970,ATL,NBA,1,36.0,46.0,1.0,4.0
344,hannual01,1970,SDR,NBA,1,40.0,42.0,0.0,0.0
345,heinsto01,1970,BOS,NBA,1,44.0,38.0,0.0,0.0
346,holzmre01,1970,NYK,NBA,1,52.0,30.0,7.0,5.0
347,leonasl01,1970,INA,ABA,1,58.0,26.0,7.0,4.0
348,mccarba01,1970,MMP,ABA,1,41.0,43.0,0.0,4.0
349,mckinbo01,1970,CAR,ABA,1,17.0,25.0,0.0,0.0
350,mcmahja01,1970,PTC,ABA,1,36.0,48.0,0.0,0.0
351,mottadi01,1970,CHI,NBA,1,51.0,31.0,3.0,4.0
352,mullajo01,1970,LAL,NBA,1,48.0,34.0,5.0,7.0
353,ramsaja01,1970,PHI,NBA,1,47.0,35.0,3.0,4.0
354,ramsefr01,1970,KEN,ABA,3,32.0,35.0,11.0,8.0
355,rhodege01,1970,KEN,ABA,1,10.0,5.0,0.0,0.0
356,schaydo01,1970,BUF,NBA,1,22.0,60.0,0.0,0.0
357,sharmbi01,1970,UTS,ABA,1,57.0,27.0,12.0,6.0
358,shuege01,1970,BAL,NBA,1,42.0,40.0,8.0,10.0
359,steelje01,1970,CAR,ABA,2,17.0,25.0,0.0,0.0
360,toddro01,1970,POR,NBA,1,29.0,53.0,0.0,0.0
361,vanbrbu01,1970,DET,NBA,1,45.0,37.0,0.0,0.0
362,wilkele01,1970,SEA,NBA,1,38.0,44.0,0.0,0.0
363,willima05,1970,TEX,ABA,1,5.0,14.0,0.0,0.0
364,anderla01,1971,UTS,ABA,1,60.0,24.0,7.0,4.0
365,attleal01,1971,GSW,NBA,1,51.0,31.0,1.0,4.0
366,bassbo01,1971,FLO,ABA,1,36.0,48.0,0.0,4.0
367,biancal01,1971,VIR,ABA,1,45.0,39.0,7.0,4.0
368,binstma01,1971,PTC,ABA,2,4.0,6.0,0.0,0.0
369,carnelo01,1971,NYA,ABA,1,44.0,40.0,10.0,9.0
370,costela01,1971,MIL,NBA,1,63.0,19.0,6.0,5.0
371,cousybo01,1971,CIN,NBA,1,30.0,52.0,0.0,0.0
372,dischte01,1971,DET,NBA,2,0.0,2.0,0.0,0.0
373,fitchbi01,1971,CLE,NBA,1,23.0,59.0,0.0,0.0
374,fitzsco01,1971,PHO,NBA,1,49.0,33.0,0.0,0.0
375,gueriri01,1971,ATL,NBA,1,36.0,46.0,2.0,4.0
376,hannual01,1971,DNR,ABA,1,34.0,50.0,3.0,4.0
377,heinsto01,1971,BOS,NBA,1,56.0,26.0,5.0,6.0
378,holzmre01,1971,NYK,NBA,1,48.0,34.0,9.0,7.0
379,inmanst01,1971,POR,NBA,2,6.0,20.0,0.0,0.0
380,leonasl01,1971,INA,ABA,1,47.0,37.0,12.0,8.0
381,lloydea01,1971,DET,NBA,3,20.0,50.0,0.0,0.0
382,mccarba01,1971,MMP,ABA,1,26.0,58.0,0.0,0.0
383,mccarjo01,1971,BUF,NBA,2,22.0,59.0,0.0,0.0
384,mcmahja01,1971,PTC,ABA,1,21.0,53.0,0.0,0.0
385,meschto01,1971,CAR,ABA,1,35.0,49.0,0.0,0.0
386,mottadi01,1971,CHI,NBA,1,57.0,25.0,0.0,4.0
387,mullajo01,1971,KEN,ABA,1,68.0,16.0,2.0,4.0
388,nissato01,1971,DLC,ABA,1,42.0,42.0,0.0,4.0
389,ramsaja01,1971,PHI,NBA,1,30.0,52.0,0.0,0.0
390,schaydo01,1971,BUF,NBA,1,0.0,1.0,0.0,0.0
391,sharmbi01,1971,LAL,NBA,1,69.0,13.0,12.0,3.0
392,shuege01,1971,BAL,NBA,1,38.0,44.0,2.0,4.0
393,toddro01,1971,POR,NBA,1,12.0,44.0,0.0,0.0
394,vanbrbu01,1971,DET,NBA,1,6.0,4.0,0.0,0.0
395,wilkele01,1971,SEA,NBA,1,47.0,35.0,0.0,0.0
396,wintete01,1971,HOU,NBA,1,34.0,48.0,0.0,0.0
397,anderla01,1972,UTS,ABA,1,55.0,29.0,6.0,4.0
398,attleal01,1972,GSW,NBA,1,47.0,35.0,5.0,6.0
399,bassbo01,1972,MMT,ABA,1,24.0,60.0,0.0,0.0
400,biancal01,1972,VIR,ABA,1,42.0,42.0,1.0,4.0
401,brownda03,1972,DLC,ABA,2,4.0,8.0,0.0,0.0
402,brownla01,1972,CAR,ABA,1,57.0,27.0,7.0,5.0
403,buckwbu01,1972,SEA,NBA,2,13.0,24.0,0.0,0.0
404,carnelo01,1972,NYA,ABA,1,30.0,54.0,1.0,4.0
405,colanje01,1972,PHO,NBA,2,35.0,40.0,0.0,0.0
406,costela01,1972,MIL,NBA,1,60.0,22.0,2.0,4.0
407,cousybo01,1972,KCO,NBA,1,36.0,46.0,0.0,0.0
408,eganjo01,1972,HOU,NBA,2,16.0,19.0,0.0,0.0
409,fitchbi01,1972,CLE,NBA,1,32.0,50.0,0.0,0.0
410,fitzsco01,1972,ATL,NBA,1,46.0,36.0,2.0,4.0
411,hannual01,1972,DNR,ABA,1,47.0,37.0,1.0,4.0
412,heinsto01,1972,BOS,NBA,1,68.0,14.0,7.0,6.0
413,holzmre01,1972,NYK,NBA,1,57.0,25.0,12.0,5.0
414,joneskc01,1972,SDA,ABA,1,30.0,54.0,0.0,4.0
415,leonasl01,1972,INA,ABA,1,51.0,33.0,12.0,6.0
416,lloydea01,1972,DET,NBA,1,2.0,5.0,0.0,0.0
417,loughke01,1972,PHI,NBA,2,5.0,26.0,0.0,0.0
418,mccarba01,1972,DLC,ABA,1,24.0,48.0,0.0,0.0
419,mccloja01,1972,POR,NBA,1,21.0,61.0,0.0,0.0
420,mottadi01,1972,CHI,NBA,1,51.0,31.0,3.0,4.0
421,mullajo01,1972,KEN,ABA,1,56.0,28.0,11.0,8.0
422,nissato01,1972,SEA,NBA,1,13.0,32.0,0.0,0.0
423,ramsaja01,1972,BUF,NBA,1,21.0,61.0,0.0,0.0
424,rubinro01,1972,PHI,NBA,1,4.0,47.0,0.0,0.0
425,scottra01,1972,DET,NBA,2,38.0,37.0,0.0,0.0
426,sharmbi01,1972,LAL,NBA,1,60.0,22.0,9.0,8.0
427,shuege01,1972,BAL,NBA,1,52.0,30.0,1.0,4.0
428,vanbrbu01,1972,PHO,NBA,1,3.0,4.0,0.0,0.0
429,wintete01,1972,HOU,NBA,1,17.0,30.0,0.0,0.0
430,attleal01,1973,GSW,NBA,1,44.0,38.0,0.0,0.0
431,biancal01,1973,VIR,ABA,1,28.0,56.0,1.0,4.0
432,brownla01,1973,CAR,ABA,1,47.0,37.0,0.0,4.0
433,chambwi01,1973,SDA,ABA,1,37.0,47.0,2.0,4.0
434,costela01,1973,MIL,NBA,1,59.0,23.0,11.0,5.0
435,cousybo01,1973,KCO,NBA,1,6.0,16.0,0.0,0.0
436,eganjo01,1973,HOU,NBA,1,32.0,50.0,0.0,0.0
437,fitchbi01,1973,CLE,NBA,1,29.0,53.0,0.0,0.0
438,fitzsco01,1973,ATL,NBA,1,35.0,47.0,0.0,0.0
439,hannual01,1973,DNR,ABA,1,37.0,47.0,0.0,0.0
440,heinsto01,1973,BOS,NBA,1,56.0,26.0,12.0,6.0
441,holzmre01,1973,NYK,NBA,1,49.0,33.0,5.0,7.0
442,johnsph01,1973,KCO,NBA,3,27.0,30.0,0.0,0.0
443,joneskc01,1973,CAP,NBA,1,47.0,35.0,3.0,4.0
444,leonasl01,1973,INA,ABA,1,46.0,38.0,7.0,7.0
445,loughke01,1973,NYA,ABA,1,55.0,29.0,12.0,2.0
446,maclejo01,1973,PHO,NBA,1,30.0,52.0,0.0,0.0
447,mccarba01,1973,KEN,ABA,1,53.0,31.0,4.0,4.0
448,mccloja01,1973,POR,NBA,1,27.0,55.0,0.0,0.0
449,mottadi01,1973,CHI,NBA,1,54.0,28.0,4.0,7.0
450,mullajo01,1973,UTS,ABA,1,51.0,33.0,9.0,9.0
451,nissato01,1973,SAA,ABA,1,45.0,39.0,3.0,4.0
452,ramsaja01,1973,BUF,NBA,1,42.0,40.0,2.0,4.0
453,russebi01,1973,SEA,NBA,1,36.0,46.0,0.0,0.0
454,scottra01,1973,DET,NBA,1,52.0,30.0,3.0,4.0
455,sharmbi01,1973,LAL,NBA,1,47.0,35.0,1.0,4.0
456,shuege01,1973,PHI,NBA,1,25.0,57.0,0.0,0.0
457,vanbrbu01,1973,MMT,ABA,1,21.0,63.0,0.0,0.0
458,youngdr01,1973,KCO,NBA,2,0.0,3.0,0.0,0.0
459,attleal01,1974,GSW,NBA,1,48.0,34.0,12.0,5.0
460,bassbo01,1974,SAA,ABA,2,33.0,23.0,2.0,4.0
461,bayloel01,1974,NOJ,NBA,2,0.0,1.0,0.0,0.0
462,biancal01,1974,VIR,ABA,1,15.0,69.0,0.0,0.0
463,brownhu01,1974,KEN,ABA,1,58.0,26.0,12.0,3.0
464,brownla01,1974,DNA,ABA,1,65.0,19.0,7.0,6.0
465,buckwbu01,1974,UTS,ABA,1,24.0,32.0,0.0,0.0
466,costela01,1974,MIL,NBA,1,38.0,44.0,0.0,0.0
467,eganjo01,1974,HOU,NBA,1,41.0,41.0,3.0,5.0
468,fitchbi01,1974,CLE,NBA,1,40.0,42.0,0.0,0.0
469,fitzsco01,1974,ATL,NBA,1,31.0,51.0,0.0,0.0
470,grozaal01,1974,SDA,ABA,1,15.0,23.0,0.0,0.0
471,heinsto01,1974,BOS,NBA,1,60.0,22.0,6.0,5.0
472,holzmre01,1974,NYK,NBA,1,40.0,42.0,1.0,2.0
473,johnsph01,1974,KCO,NBA,1,44.0,38.0,2.0,4.0
474,joneskc01,1974,WSB,NBA,1,60.0,22.0,8.0,9.0
475,leonasl01,1974,INA,ABA,1,45.0,39.0,9.0,9.0
476,loughke01,1974,NYA,ABA,1,58.0,26.0,1.0,4.0
477,mackibo01,1974,SSL,ABA,1,32.0,52.0,5.0,5.0
478,maclejo01,1974,PHO,NBA,1,32.0,50.0,0.0,0.0
479,mottadi01,1974,CHI,NBA,1,47.0,35.0,7.0,6.0
480,mullajo01,1974,MMS,ABA,1,27.0,57.0,1.0,4.0
481,nissato01,1974,SAA,ABA,1,18.0,10.0,0.0,0.0
482,nissato01,1974,UTS,ABA,2,14.0,14.0,2.0,4.0
483,ramsaja01,1974,BUF,NBA,1,49.0,33.0,3.0,4.0
484,robersc01,1974,NOJ,NBA,1,1.0,14.0,0.0,0.0
485,russebi01,1974,SEA,NBA,1,43.0,39.0,4.0,5.0
486,scottra01,1974,DET,NBA,1,40.0,42.0,1.0,2.0
487,sharmbi01,1974,LAL,NBA,1,30.0,52.0,0.0,0.0
488,shiplbe01,1974,SDA,ABA,2,16.0,30.0,0.0,0.0
489,shuege01,1974,PHI,NBA,1,34.0,48.0,0.0,0.0
490,vanbrbu01,1974,NOJ,NBA,3,22.0,44.0,0.0,0.0
491,wilkele01,1974,POR,NBA,1,38.0,44.0,0.0,0.0
492,ankerja01,1975,VIR,ABA,4,1.0,1.0,0.0,0.0
493,attleal01,1975,GSW,NBA,1,59.0,23.0,7.0,6.0
494,bassbo01,1975,SAA,ABA,1,50.0,34.0,3.0,4.0
495,beatyze01,1975,VIR,ABA,5,9.0,33.0,0.0,0.0
496,biancal01,1975,VIR,ABA,1,1.0,6.0,0.0,0.0
497,brownhe01,1975,DET,NBA,2,19.0,21.0,4.0,5.0
498,brownhu01,1975,KEN,ABA,1,46.0,38.0,5.0,5.0
499,brownla01,1975,DNA,ABA,1,60.0,24.0,6.0,7.0
500,calvima01,1975,VIR,ABA,2,0.0,6.0,0.0,0.0
501,costela01,1975,MIL,NBA,1,38.0,44.0,1.0,2.0
502,eganjo01,1975,HOU,NBA,1,40.0,42.0,0.0,0.0
503,fitchbi01,1975,CLE,NBA,1,49.0,33.0,6.0,7.0
504,fitzsco01,1975,ATL,NBA,1,28.0,46.0,0.0,0.0
505,heinsto01,1975,BOS,NBA,1,54.0,28.0,12.0,6.0
506,holzmre01,1975,NYK,NBA,1,38.0,44.0,0.0,0.0
507,johnsph01,1975,KCK,NBA,1,31.0,51.0,0.0,0.0
508,joneskc01,1975,WSB,NBA,1,48.0,34.0,3.0,4.0
509,leonasl01,1975,INA,ABA,1,39.0,45.0,1.0,2.0
510,loughke01,1975,NYA,ABA,1,55.0,29.0,8.0,5.0
511,maclejo01,1975,PHO,NBA,1,42.0,40.0,10.0,9.0
512,mottadi01,1975,CHI,NBA,1,24.0,58.0,0.0,0.0
513,mullajo01,1975,SSL,ABA,2,15.0,22.0,0.0,0.0
514,mussebi01,1975,SDS,ABA,1,3.0,8.0,0.0,0.0
515,mussebi01,1975,VIR,ABA,3,4.0,22.0,0.0,0.0
516,nissato01,1975,UTS,ABA,1,4.0,12.0,0.0,0.0
517,ramsaja01,1975,BUF,NBA,1,46.0,36.0,4.0,5.0
518,russebi01,1975,SEA,NBA,1,43.0,39.0,2.0,4.0
519,scottra01,1975,DET,NBA,1,17.0,25.0,0.0,0.0
520,sharmbi01,1975,LAL,NBA,1,40.0,42.0,0.0,0.0
521,shuege01,1975,PHI,NBA,1,46.0,36.0,1.0,2.0
522,thornro01,1975,SSL,ABA,1,20.0,27.0,0.0,0.0
523,tormobu01,1975,ATL,NBA,2,1.0,7.0,0.0,0.0
524,vanbrbu01,1975,NOJ,NBA,1,38.0,44.0,0.0,0.0
525,wilkele01,1975,POR,NBA,1,37.0,45.0,0.0,0.0
526,attleal01,1976,GSW,NBA,1,46.0,36.0,5.0,5.0
527,badgeed01,1976,CHI,NBA,1,44.0,38.0,1.0,2.0
528,bayloel01,1976,NOJ,NBA,2,21.0,35.0,0.0,0.0
529,brownhe01,1976,DET,NBA,1,44.0,38.0,1.0,2.0
530,brownhu01,1976,ATL,NBA,1,31.0,51.0,0.0,0.0
531,brownla01,1976,DEN,NBA,1,50.0,32.0,2.0,4.0
532,costela01,1976,MIL,NBA,1,3.0,15.0,0.0,0.0
533,fitchbi01,1976,CLE,NBA,1,43.0,39.0,1.0,2.0
534,heinsto01,1976,BOS,NBA,1,44.0,38.0,5.0,4.0
535,holzmre01,1976,NYK,NBA,1,40.0,42.0,0.0,0.0
536,johnsph01,1976,KCK,NBA,1,40.0,42.0,0.0,0.0
537,leonasl01,1976,IND,NBA,1,36.0,46.0,0.0,0.0
538,locketa01,1976,BUF,NBA,1,16.0,30.0,0.0,0.0
539,loughke01,1976,NYN,NBA,1,22.0,60.0,0.0,0.0
540,mackibo01,1976,BUF,NBA,2,3.0,4.0,0.0,0.0
541,maclejo01,1976,PHO,NBA,1,34.0,48.0,0.0,0.0
542,moedo01,1976,SAS,NBA,1,44.0,38.0,0.0,2.0
543,mottadi01,1976,WSB,NBA,1,48.0,34.0,4.0,5.0
544,mullajo01,1976,BUF,NBA,3,11.0,18.0,0.0,0.0
545,nelsodo01,1976,MIL,NBA,2,27.0,37.0,0.0,0.0
546,nissato01,1976,HOU,NBA,1,49.0,33.0,6.0,6.0
547,ramsaja01,1976,POR,NBA,1,49.0,33.0,14.0,5.0
548,russebi01,1976,SEA,NBA,1,40.0,42.0,0.0,0.0
549,shuege01,1976,PHI,NBA,1,50.0,32.0,10.0,9.0
550,vanbrbu01,1976,NOJ,NBA,1,14.0,12.0,0.0,0.0
551,westje01,1976,LAL,NBA,1,53.0,29.0,4.0,7.0
552,attleal01,1977,GSW,NBA,1,43.0,39.0,0.0,0.0
553,badgeed01,1977,CHI,NBA,1,40.0,42.0,0.0,0.0
554,bayloel01,1977,NOJ,NBA,1,39.0,43.0,0.0,0.0
555,brownhe01,1977,DET,NBA,1,9.0,15.0,0.0,0.0
556,brownhu01,1977,ATL,NBA,1,41.0,41.0,0.0,2.0
557,brownla01,1977,DEN,NBA,1,48.0,34.0,6.0,7.0
558,cunnibi01,1977,PHI,NBA,2,53.0,23.0,6.0,4.0
559,fitchbi01,1977,CLE,NBA,1,43.0,39.0,0.0,2.0
560,fitzsco01,1977,BUF,NBA,1,27.0,55.0,0.0,0.0
561,heinsto01,1977,BOS,NBA,1,11.0,23.0,0.0,0.0
562,hopkibo01,1977,SEA,NBA,1,5.0,17.0,0.0,0.0
563,johnsph01,1977,KCK,NBA,1,13.0,24.0,0.0,0.0
564,kauffbo01,1977,DET,NBA,2,29.0,29.0,0.0,0.0
565,leonasl01,1977,IND,NBA,1,31.0,51.0,0.0,0.0
566,loughke01,1977,NJN,NBA,1,24.0,58.0,0.0,0.0
567,maclejo01,1977,PHO,NBA,1,49.0,33.0,0.0,2.0
568,moedo01,1977,SAS,NBA,1,52.0,30.0,2.0,4.0
569,mottadi01,1977,WSB,NBA,1,44.0,38.0,14.0,7.0
570,nelsodo01,1977,MIL,NBA,1,44.0,38.0,5.0,4.0
571,nissato01,1977,HOU,NBA,1,28.0,54.0,0.0,0.0
572,ramsaja01,1977,POR,NBA,1,58.0,24.0,2.0,4.0
573,reedwi01,1977,NYK,NBA,1,43.0,39.0,2.0,4.0
574,sandeto01,1977,BOS,NBA,2,21.0,27.0,0.0,0.0
575,shuege01,1977,PHI,NBA,1,2.0,4.0,0.0,0.0
576,stavela01,1977,KCK,NBA,2,18.0,27.0,0.0,0.0
577,westje01,1977,LAL,NBA,1,45.0,37.0,1.0,2.0
578,wilkele01,1977,SEA,NBA,2,42.0,18.0,13.0,9.0
579,attleal01,1978,GSW,NBA,1,38.0,44.0,0.0,0.0
580,bayloel01,1978,NOJ,NBA,1,26.0,56.0,0.0,0.0
581,brownhu01,1978,ATL,NBA,1,46.0,36.0,5.0,4.0
582,brownla01,1978,DEN,NBA,1,28.0,25.0,0.0,0.0
583,costela01,1978,CHI,NBA,1,20.0,36.0,0.0,0.0
584,cowenda01,1978,BOS,NBA,2,27.0,41.0,0.0,0.0
585,cunnibi01,1978,PHI,NBA,1,47.0,35.0,5.0,4.0
586,fitchbi01,1978,CLE,NBA,1,30.0,52.0,0.0,0.0
587,fitzsco01,1978,KCK,NBA,1,48.0,34.0,1.0,4.0
588,holzmre01,1978,NYK,NBA,2,25.0,43.0,0.0,0.0
589,leonasl01,1978,IND,NBA,1,38.0,44.0,0.0,0.0
590,loughke01,1978,NJN,NBA,1,37.0,45.0,0.0,2.0
591,maclejo01,1978,PHO,NBA,1,50.0,32.0,9.0,6.0
592,moedo01,1978,SAS,NBA,1,48.0,34.0,7.0,7.0
593,mottadi01,1978,WSB,NBA,1,54.0,28.0,9.0,10.0
594,nelsodo01,1978,MIL,NBA,1,38.0,44.0,0.0,0.0
595,nissato01,1978,HOU,NBA,1,47.0,35.0,0.0,2.0
596,ramsaja01,1978,POR,NBA,1,45.0,37.0,1.0,2.0
597,reedwi01,1978,NYK,NBA,1,6.0,8.0,0.0,0.0
598,robersc01,1978,CHI,NBA,2,11.0,15.0,0.0,0.0
599,sandeto01,1978,BOS,NBA,1,2.0,12.0,0.0,0.0
600,shuege01,1978,SDC,NBA,1,43.0,39.0,0.0,0.0
601,vitaldi01,1978,DET,NBA,1,30.0,52.0,0.0,0.0
602,walshdo01,1978,DEN,NBA,2,19.0,10.0,1.0,2.0
603,westje01,1978,LAL,NBA,1,47.0,35.0,3.0,5.0
604,wilkele01,1978,SEA,NBA,1,52.0,30.0,12.0,5.0
605,adubari01,1979,DET,NBA,2,12.0,58.0,0.0,0.0
606,albecst01,1979,CLE,NBA,1,37.0,45.0,0.0,0.0
607,attleal01,1979,GSW,NBA,1,18.0,43.0,0.0,0.0
608,bachjo01,1979,GSW,NBA,2,6.0,15.0,0.0,0.0
609,bassbo01,1979,SAS,NBA,2,8.0,8.0,1.0,2.0
610,brownhu01,1979,ATL,NBA,1,50.0,32.0,1.0,4.0
611,cunnibi01,1979,PHI,NBA,1,59.0,23.0,12.0,6.0
612,fitchbi01,1979,BOS,NBA,1,61.0,21.0,5.0,4.0
613,fitzsco01,1979,KCK,NBA,1,47.0,35.0,1.0,2.0
614,harride02,1979,HOU,NBA,1,41.0,41.0,2.0,5.0
615,holzmre01,1979,NYK,NBA,1,39.0,43.0,0.0,0.0
616,leonasl01,1979,IND,NBA,1,37.0,45.0,0.0,0.0
617,loughke01,1979,NJN,NBA,1,34.0,48.0,0.0,0.0
618,maclejo01,1979,PHO,NBA,1,55.0,27.0,3.0,5.0
619,mckinja01,1979,LAL,NBA,1,10.0,4.0,0.0,0.0
620,moedo01,1979,SAS,NBA,1,33.0,33.0,0.0,0.0
621,mottadi01,1979,WSB,NBA,1,39.0,43.0,0.0,2.0
622,nelsodo01,1979,MIL,NBA,1,49.0,33.0,3.0,4.0
623,nissato01,1979,UTA,NBA,1,24.0,58.0,0.0,0.0
624,ramsaja01,1979,POR,NBA,1,38.0,44.0,1.0,2.0
625,shuege01,1979,SDC,NBA,1,35.0,47.0,0.0,0.0
626,sloanje01,1979,CHI,NBA,1,30.0,52.0,0.0,0.0
627,vitaldi01,1979,DET,NBA,1,4.0,8.0,0.0,0.0
628,walshdo01,1979,DEN,NBA,1,30.0,52.0,0.0,0.0
629,westhpa01,1979,LAL,NBA,2,50.0,18.0,12.0,4.0
630,wilkele01,1979,SEA,NBA,1,56.0,26.0,7.0,8.0
631,albecst01,1980,SAS,NBA,1,52.0,30.0,3.0,4.0
632,attleal01,1980,GSW,NBA,1,39.0,43.0,0.0,0.0
633,brownhu01,1980,ATL,NBA,1,31.0,48.0,0.0,0.0
634,cunnibi01,1980,PHI,NBA,1,62.0,20.0,9.0,7.0
635,delando01,1980,CLE,NBA,2,3.0,8.0,0.0,0.0
636,fitchbi01,1980,BOS,NBA,1,62.0,20.0,12.0,5.0
637,fitzsco01,1980,KCK,NBA,1,40.0,42.0,7.0,8.0
638,fratemi01,1980,ATL,NBA,2,0.0,3.0,0.0,0.0
639,harride02,1980,HOU,NBA,1,40.0,42.0,12.0,9.0
640,holzmre01,1980,NYK,NBA,1,50.0,32.0,0.0,2.0
641,loughke01,1980,NJN,NBA,1,12.0,23.0,0.0,0.0
642,mackibo01,1980,NJN,NBA,2,12.0,35.0,0.0,0.0
643,maclejo01,1980,PHO,NBA,1,57.0,25.0,3.0,4.0
644,mckinja01,1980,IND,NBA,1,44.0,38.0,0.0,2.0
645,moedo01,1980,DEN,NBA,2,26.0,25.0,0.0,0.0
646,mottadi01,1980,DAL,NBA,1,15.0,67.0,0.0,0.0
647,mussebi01,1980,CLE,NBA,1,25.0,46.0,0.0,0.0
648,nelsodo01,1980,MIL,NBA,1,60.0,22.0,3.0,4.0
649,nissato01,1980,UTA,NBA,1,28.0,54.0,0.0,0.0
650,ramsaja01,1980,POR,NBA,1,45.0,37.0,1.0,2.0
651,robersc01,1980,DET,NBA,1,21.0,61.0,0.0,0.0
652,shuege01,1980,WSB,NBA,1,39.0,43.0,0.0,0.0
653,silaspa01,1980,SDC,NBA,1,36.0,46.0,0.0,0.0
654,sloanje01,1980,CHI,NBA,1,45.0,37.0,2.0,4.0
655,walshdo01,1980,DEN,NBA,1,11.0,20.0,0.0,0.0
656,westhpa01,1980,LAL,NBA,1,54.0,28.0,1.0,2.0
657,wilkele01,1980,SEA,NBA,1,34.0,48.0,0.0,0.0
658,albecst01,1981,SAS,NBA,1,48.0,34.0,4.0,5.0
659,attleal01,1981,GSW,NBA,1,45.0,37.0,0.0,0.0
660,brownla01,1981,NJN,NBA,1,44.0,38.0,0.0,2.0
661,cunnibi01,1981,PHI,NBA,1,58.0,24.0,12.0,9.0
662,dalych01,1981,CLE,NBA,3,9.0,32.0,0.0,0.0
663,delando01,1981,CLE,NBA,1,4.0,11.0,0.0,0.0
664,fitchbi01,1981,BOS,NBA,1,63.0,19.0,7.0,5.0
665,fitzsco01,1981,KCK,NBA,1,30.0,52.0,0.0,0.0
666,harride02,1981,HOU,NBA,1,46.0,36.0,1.0,2.0
667,holzmre01,1981,NYK,NBA,1,33.0,49.0,0.0,0.0
668,johnsph01,1981,CHI,NBA,2,0.0,1.0,0.0,0.0
669,kloppbo01,1981,CLE,NBA,2,0.0,3.0,0.0,0.0
670,laydefr01,1981,UTA,NBA,2,17.0,45.0,0.0,0.0
671,loughke01,1981,ATL,NBA,1,42.0,40.0,0.0,2.0
672,maclejo01,1981,PHO,NBA,1,46.0,36.0,2.0,5.0
673,mckinja01,1981,IND,NBA,1,35.0,47.0,0.0,0.0
674,moedo01,1981,DEN,NBA,1,46.0,36.0,1.0,2.0
675,mottadi01,1981,DAL,NBA,1,28.0,54.0,0.0,0.0
676,mussebi01,1981,CLE,NBA,4,2.0,21.0,0.0,0.0
677,nelsodo01,1981,MIL,NBA,1,55.0,27.0,2.0,4.0
678,nissato01,1981,UTA,NBA,1,8.0,12.0,0.0,0.0
679,ramsaja01,1981,POR,NBA,1,42.0,40.0,0.0,0.0
680,rileypa01,1981,LAL,NBA,2,50.0,21.0,12.0,2.0
681,robersc01,1981,DET,NBA,1,39.0,43.0,0.0,0.0
682,shuege01,1981,WSB,NBA,1,43.0,39.0,3.0,4.0
683,silaspa01,1981,SDC,NBA,1,17.0,65.0,0.0,0.0
684,sloanje01,1981,CHI,NBA,1,19.0,32.0,0.0,0.0
685,thornro01,1981,CHI,NBA,3,15.0,15.0,0.0,0.0
686,westhpa01,1981,LAL,NBA,1,7.0,4.0,0.0,0.0
687,wilkele01,1981,SEA,NBA,1,52.0,30.0,3.0,5.0
688,albecst01,1982,SAS,NBA,1,53.0,29.0,6.0,5.0
689,attleal01,1982,GSW,NBA,1,30.0,52.0,0.0,0.0
690,blairbi01,1982,NJN,NBA,2,2.0,4.0,0.0,2.0
691,brownhu01,1982,NYK,NBA,1,44.0,38.0,2.0,4.0
692,brownla01,1982,NJN,NBA,1,47.0,29.0,0.0,0.0
693,cunnibi01,1982,PHI,NBA,1,65.0,17.0,12.0,1.0
694,fitchbi01,1982,BOS,NBA,1,56.0,26.0,2.0,5.0
695,fitzsco01,1982,KCK,NBA,1,45.0,37.0,0.0,0.0
696,harride02,1982,HOU,NBA,1,14.0,68.0,0.0,0.0
697,laydefr01,1982,UTA,NBA,1,30.0,52.0,0.0,0.0
698,loughke01,1982,ATL,NBA,1,43.0,39.0,1.0,2.0
699,maclejo01,1982,PHO,NBA,1,53.0,29.0,1.0,2.0
700,mckinja01,1982,IND,NBA,1,20.0,62.0,0.0,0.0
701,moedo01,1982,DEN,NBA,1,45.0,37.0,3.0,5.0
702,mottadi01,1982,DAL,NBA,1,38.0,44.0,0.0,0.0
703,nelsodo01,1982,MIL,NBA,1,51.0,31.0,5.0,4.0
704,nissato01,1982,CLE,NBA,1,23.0,59.0,0.0,0.0
705,ramsaja01,1982,POR,NBA,1,46.0,36.0,3.0,4.0
706,rileypa01,1982,LAL,NBA,1,58.0,24.0,8.0,7.0
707,robersc01,1982,DET,NBA,1,37.0,45.0,0.0,0.0
708,shuege01,1982,WSB,NBA,1,42.0,40.0,0.0,0.0
709,silaspa01,1982,SDC,NBA,1,25.0,57.0,0.0,0.0
710,westhpa01,1982,CHI,NBA,1,28.0,54.0,0.0,0.0
711,wilkele01,1982,SEA,NBA,1,48.0,34.0,0.0,2.0
712,albecst01,1983,NJN,NBA,1,45.0,37.0,5.0,6.0
713,bachjo01,1983,GSW,NBA,1,37.0,45.0,0.0,0.0
714,bassbo01,1983,SAS,NBA,2,26.0,25.0,0.0,0.0
715,brownhu01,1983,NYK,NBA,1,47.0,35.0,6.0,6.0
716,cunnibi01,1983,PHI,NBA,1,52.0,30.0,2.0,3.0
717,dalych01,1983,DET,NBA,1,49.0,33.0,2.0,3.0
718,fitchbi01,1983,HOU,NBA,1,29.0,53.0,0.0,0.0
719,fitzsco01,1983,KCK,NBA,1,38.0,44.0,0.0,3.0
720,fratemi01,1983,ATL,NBA,1,40.0,42.0,2.0,3.0
721,joneskc01,1983,BOS,NBA,1,62.0,20.0,15.0,8.0
722,laydefr01,1983,UTA,NBA,1,45.0,37.0,5.0,6.0
723,loughke01,1983,CHI,NBA,1,27.0,55.0,0.0,0.0
724,lynamji01,1983,SDC,NBA,1,30.0,52.0,0.0,0.0
725,maclejo01,1983,PHO,NBA,1,41.0,41.0,9.0,8.0
726,mchonmo01,1983,SAS,NBA,1,11.0,20.0,0.0,0.0
727,mckinja01,1983,IND,NBA,1,26.0,56.0,0.0,0.0
728,moedo01,1983,DEN,NBA,1,38.0,44.0,2.0,3.0
729,mottadi01,1983,DAL,NBA,1,43.0,39.0,4.0,6.0
730,nelsodo01,1983,MIL,NBA,1,50.0,32.0,8.0,8.0
731,nissato01,1983,CLE,NBA,1,28.0,54.0,0.0,0.0
732,ramsaja01,1983,POR,NBA,1,48.0,34.0,2.0,3.0
733,rileypa01,1983,LAL,NBA,1,54.0,28.0,14.0,7.0
734,shuege01,1983,WSB,NBA,1,35.0,47.0,1.0,3.0
735,wilkele01,1983,SEA,NBA,1,42.0,40.0,2.0,3.0
736,albecst01,1984,NJN,NBA,1,42.0,40.0,0.0,3.0
737,bachjo01,1984,GSW,NBA,1,22.0,60.0,0.0,0.0
738,brownhu01,1984,NYK,NBA,1,24.0,58.0,0.0,0.0
739,chanedo01,1984,LAC,NBA,2,9.0,12.0,0.0,0.0
740,cunnibi01,1984,PHI,NBA,1,58.0,24.0,8.0,5.0
741,dalych01,1984,DET,NBA,1,46.0,36.0,5.0,4.0
742,fitchbi01,1984,HOU,NBA,1,48.0,34.0,2.0,3.0
743,fitzsco01,1984,SAS,NBA,1,41.0,41.0,2.0,3.0
744,fratemi01,1984,ATL,NBA,1,34.0,48.0,0.0,0.0
745,irvinge01,1984,IND,NBA,1,22.0,60.0,0.0,0.0
746,johnsph01,1984,KCK,NBA,2,30.0,43.0,0.0,0.0
747,joneskc01,1984,BOS,NBA,1,63.0,19.0,13.0,8.0
748,karlge01,1984,CLE,NBA,1,36.0,46.0,1.0,3.0
749,laydefr01,1984,UTA,NBA,1,41.0,41.0,4.0,6.0
750,loughke01,1984,CHI,NBA,1,38.0,44.0,1.0,3.0
751,lynamji01,1984,LAC,NBA,1,22.0,39.0,0.0,0.0
752,maclejo01,1984,PHO,NBA,1,36.0,46.0,0.0,3.0
753,mckinja01,1984,KCK,NBA,1,1.0,8.0,0.0,0.0
754,moedo01,1984,DEN,NBA,1,52.0,30.0,8.0,7.0
755,mottadi01,1984,DAL,NBA,1,44.0,38.0,1.0,3.0
756,nelsodo01,1984,MIL,NBA,1,59.0,23.0,3.0,5.0
757,ramsaja01,1984,POR,NBA,1,42.0,40.0,4.0,5.0
758,rileypa01,1984,LAL,NBA,1,62.0,20.0,15.0,4.0
759,shuege01,1984,WSB,NBA,1,40.0,42.0,1.0,3.0
760,wilkele01,1984,SEA,NBA,1,31.0,51.0,0.0,0.0
761,albecst01,1985,CHI,NBA,1,30.0,52.0,0.0,3.0
762,bachjo01,1985,GSW,NBA,1,30.0,52.0,0.0,0.0
763,bickebe01,1985,SEA,NBA,1,31.0,51.0,0.0,0.0
764,brownhu01,1985,NYK,NBA,1,23.0,59.0,0.0,0.0
765,chanedo01,1985,LAC,NBA,1,32.0,50.0,0.0,0.0
766,dalych01,1985,DET,NBA,1,46.0,36.0,1.0,3.0
767,fitchbi01,1985,HOU,NBA,1,51.0,31.0,13.0,7.0
768,fitzsco01,1985,SAS,NBA,1,35.0,47.0,0.0,3.0
769,fratemi01,1985,ATL,NBA,1,50.0,32.0,4.0,5.0
770,guokama02,1985,PHI,NBA,1,54.0,28.0,6.0,6.0
771,irvinge01,1985,IND,NBA,1,26.0,56.0,0.0,0.0
772,johnsph01,1985,SAC,NBA,1,37.0,45.0,0.0,3.0
773,joneskc01,1985,BOS,NBA,1,67.0,15.0,15.0,3.0
774,karlge01,1985,CLE,NBA,1,25.0,42.0,0.0,0.0
775,laydefr01,1985,UTA,NBA,1,42.0,40.0,1.0,3.0
776,littlge01,1985,CLE,NBA,2,4.0,11.0,0.0,0.0
777,loughke01,1985,WSB,NBA,2,7.0,6.0,2.0,3.0
778,maclejo01,1985,PHO,NBA,1,32.0,50.0,0.0,0.0
779,moedo01,1985,DEN,NBA,1,47.0,35.0,5.0,5.0
780,mottadi01,1985,DAL,NBA,1,44.0,38.0,5.0,5.0
781,nelsodo01,1985,MIL,NBA,1,57.0,25.0,7.0,7.0
782,ramsaja01,1985,POR,NBA,1,40.0,42.0,1.0,3.0
783,rileypa01,1985,LAL,NBA,1,62.0,20.0,8.0,6.0
784,shuege01,1985,WSB,NBA,1,32.0,37.0,0.0,0.0
785,wohlda01,1985,NJN,NBA,1,39.0,43.0,0.0,3.0
786,bickebe01,1986,SEA,NBA,1,39.0,43.0,7.0,7.0
787,brownhu01,1986,NYK,NBA,1,4.0,12.0,0.0,0.0
788,chanedo01,1986,LAC,NBA,1,12.0,70.0,0.0,0.0
789,collido01,1986,CHI,NBA,1,40.0,42.0,0.0,3.0
790,dalych01,1986,DET,NBA,1,52.0,30.0,10.0,5.0
791,fitchbi01,1986,HOU,NBA,1,42.0,40.0,5.0,5.0
792,fratemi01,1986,ATL,NBA,1,57.0,25.0,4.0,5.0
793,guokama02,1986,PHI,NBA,1,45.0,37.0,2.0,3.0
794,hillbo01,1986,NYK,NBA,2,20.0,46.0,0.0,0.0
795,johnsph01,1986,SAC,NBA,1,14.0,32.0,0.0,0.0
796,joneskc01,1986,BOS,NBA,1,59.0,23.0,13.0,10.0
797,karlge01,1986,GSW,NBA,1,42.0,40.0,4.0,6.0
798,laydefr01,1986,UTA,NBA,1,44.0,38.0,2.0,3.0
799,loughke01,1986,WSB,NBA,1,42.0,40.0,0.0,3.0
800,maclejo01,1986,PHO,NBA,1,22.0,34.0,0.0,0.0
801,moedo01,1986,DEN,NBA,1,37.0,45.0,0.0,3.0
802,mottadi01,1986,DAL,NBA,1,55.0,27.0,1.0,3.0
803,nelsodo01,1986,MIL,NBA,1,50.0,32.0,6.0,6.0
804,ramsaja01,1986,IND,NBA,1,41.0,41.0,1.0,3.0
805,reynoje02,1986,SAC,NBA,2,15.0,21.0,0.0,0.0
806,rileypa01,1986,LAL,NBA,1,65.0,17.0,15.0,3.0
807,schulmi01,1986,POR,NBA,1,49.0,33.0,1.0,3.0
808,vanardi01,1986,PHO,NBA,2,14.0,12.0,0.0,0.0
809,weissbo01,1986,SAS,NBA,1,28.0,54.0,0.0,0.0
810,wilkele01,1986,CLE,NBA,1,31.0,51.0,0.0,0.0
811,wohlda01,1986,NJN,NBA,1,24.0,58.0,0.0,0.0
812,bickebe01,1987,SEA,NBA,1,44.0,38.0,2.0,3.0
813,collido01,1987,CHI,NBA,1,50.0,32.0,4.0,6.0
814,dalych01,1987,DET,NBA,1,54.0,28.0,14.0,9.0
815,fitchbi01,1987,HOU,NBA,1,46.0,36.0,1.0,3.0
816,fratemi01,1987,ATL,NBA,1,50.0,32.0,6.0,6.0
817,gregoed01,1987,GSW,NBA,2,4.0,14.0,0.0,0.0
818,guokama02,1987,PHI,NBA,1,20.0,23.0,0.0,0.0
819,harride02,1987,MIL,NBA,1,42.0,40.0,2.0,3.0
820,joneskc01,1987,BOS,NBA,1,57.0,25.0,9.0,8.0
821,karlge01,1987,GSW,NBA,1,16.0,48.0,0.0,0.0
822,laydefr01,1987,UTA,NBA,1,47.0,35.0,6.0,5.0
823,loughke01,1987,WSB,NBA,1,8.0,19.0,0.0,0.0
824,lynamji01,1987,PHI,NBA,2,16.0,23.0,0.0,0.0
825,mackibo01,1987,NJN,NBA,2,10.0,29.0,0.0,0.0
826,maclejo01,1987,DAL,NBA,1,53.0,29.0,10.0,7.0
827,moedo01,1987,DEN,NBA,1,54.0,28.0,5.0,6.0
828,pitinri01,1987,NYK,NBA,1,38.0,44.0,1.0,3.0
829,ramsaja01,1987,IND,NBA,1,38.0,44.0,0.0,0.0
830,reedwi01,1987,NJN,NBA,3,7.0,21.0,0.0,0.0
831,reynoje02,1987,SAC,NBA,2,7.0,17.0,0.0,0.0
832,rileypa01,1987,LAL,NBA,1,62.0,20.0,15.0,9.0
833,russebi01,1987,SAC,NBA,1,17.0,41.0,0.0,0.0
834,schulmi01,1987,POR,NBA,1,53.0,29.0,1.0,3.0
835,shuege01,1987,LAC,NBA,1,17.0,65.0,0.0,0.0
836,unselwe01,1987,WSB,NBA,2,30.0,25.0,2.0,3.0
837,weissbo01,1987,SAS,NBA,1,31.0,51.0,0.0,3.0
838,wetzejo01,1987,PHO,NBA,1,28.0,54.0,0.0,0.0
839,wilkele01,1987,CLE,NBA,1,42.0,40.0,2.0,3.0
840,wohlda01,1987,NJN,NBA,1,2.0,13.0,0.0,0.0
841,adelmri01,1988,POR,NBA,2,14.0,21.0,0.0,3.0
842,bickebe01,1988,SEA,NBA,1,46.0,30.0,3.0,5.0
843,brownla01,1988,SAS,NBA,1,21.0,61.0,0.0,0.0
844,caseydo01,1988,LAC,NBA,2,11.0,33.0,0.0,0.0
845,chanedo01,1988,HOU,NBA,1,45.0,37.0,1.0,3.0
846,collido01,1988,CHI,NBA,1,47.0,35.0,9.0,8.0
847,dalych01,1988,DET,NBA,1,63.0,19.0,15.0,2.0
848,danieme01,1988,IND,NBA,2,0.0,2.0,0.0,0.0
849,fitzsco01,1988,PHO,NBA,1,55.0,27.0,7.0,5.0
850,fratemi01,1988,ATL,NBA,1,52.0,30.0,2.0,3.0
851,harride02,1988,MIL,NBA,1,49.0,33.0,3.0,6.0
852,hartedi01,1988,CHH,NBA,1,20.0,62.0,0.0,0.0
853,irvinge01,1988,IND,NBA,3,6.0,14.0,0.0,0.0
854,kloppbo01,1988,SEA,NBA,3,1.0,4.0,0.0,0.0
855,laydefr01,1988,UTA,NBA,1,11.0,6.0,0.0,0.0
856,lynamji01,1988,PHI,NBA,1,46.0,36.0,0.0,3.0
857,maclejo01,1988,DAL,NBA,1,38.0,44.0,0.0,0.0
858,moedo01,1988,DEN,NBA,1,44.0,38.0,0.0,3.0
859,nelsodo01,1988,GSW,NBA,1,43.0,39.0,4.0,4.0
860,newelto01,1988,SEA,NBA,2,0.0,1.0,0.0,0.0
861,pitinri01,1988,NYK,NBA,1,52.0,30.0,5.0,4.0
862,ramsaja01,1988,IND,NBA,1,0.0,7.0,0.0,0.0
863,reedwi01,1988,NJN,NBA,1,26.0,56.0,0.0,0.0
864,reynoje02,1988,SAC,NBA,1,27.0,55.0,0.0,0.0
865,rileypa01,1988,LAL,NBA,1,57.0,25.0,11.0,4.0
866,rodgeji01,1988,BOS,NBA,1,42.0,40.0,0.0,3.0
867,rothsro01,1988,MIA,NBA,1,15.0,67.0,0.0,0.0
868,schulmi01,1988,POR,NBA,1,25.0,22.0,0.0,0.0
869,shuege01,1988,LAC,NBA,1,10.0,28.0,0.0,0.0
870,sloanje01,1988,UTA,NBA,2,40.0,25.0,0.0,3.0
871,unselwe01,1988,WSB,NBA,1,40.0,42.0,0.0,0.0
872,versadi01,1988,IND,NBA,4,22.0,31.0,0.0,0.0
873,wilkele01,1988,CLE,NBA,1,57.0,25.0,2.0,3.0
874,adelmri01,1989,POR,NBA,1,59.0,23.0,12.0,9.0
875,adubari01,1989,DAL,NBA,2,42.0,29.0,0.0,3.0
876,bickebe01,1989,SEA,NBA,1,41.0,41.0,0.0,0.0
877,brownla01,1989,SAS,NBA,1,56.0,26.0,6.0,4.0
878,caseydo01,1989,LAC,NBA,1,30.0,52.0,0.0,0.0
879,chanedo01,1989,HOU,NBA,1,41.0,41.0,1.0,3.0
880,dalych01,1989,DET,NBA,1,59.0,23.0,15.0,5.0
881,fitchbi01,1989,NJN,NBA,1,17.0,65.0,0.0,0.0
882,fitzsco01,1989,PHO,NBA,1,54.0,28.0,9.0,7.0
883,fratemi01,1989,ATL,NBA,1,41.0,41.0,0.0,0.0
884,guokama02,1989,ORL,NBA,1,18.0,64.0,0.0,0.0
885,harride02,1989,MIL,NBA,1,44.0,38.0,1.0,3.0
886,hartedi01,1989,CHH,NBA,1,8.0,32.0,0.0,0.0
887,jacksph01,1989,CHI,NBA,1,55.0,27.0,10.0,6.0
888,jacksst03,1989,NYK,NBA,1,45.0,37.0,4.0,6.0
889,littlge01,1989,CHH,NBA,2,11.0,31.0,0.0,0.0
890,lynamji01,1989,PHI,NBA,1,53.0,29.0,4.0,6.0
891,maclejo01,1989,DAL,NBA,1,5.0,6.0,0.0,0.0
892,moedo01,1989,DEN,NBA,1,43.0,39.0,0.0,3.0
893,mottadi01,1989,SAC,NBA,2,16.0,38.0,0.0,0.0
894,mussebi01,1989,MIN,NBA,1,22.0,60.0,0.0,0.0
895,nelsodo01,1989,GSW,NBA,1,37.0,45.0,0.0,0.0
896,reynoje02,1989,SAC,NBA,1,7.0,21.0,0.0,0.0
897,rileypa01,1989,LAL,NBA,1,63.0,19.0,4.0,5.0
898,rodgeji01,1989,BOS,NBA,1,52.0,30.0,2.0,3.0
899,rothsro01,1989,MIA,NBA,1,18.0,64.0,0.0,0.0
900,sloanje01,1989,UTA,NBA,1,55.0,27.0,2.0,3.0
901,unselwe01,1989,WSB,NBA,1,31.0,51.0,0.0,0.0
902,versadi01,1989,IND,NBA,1,42.0,40.0,0.0,3.0
903,wilkele01,1989,CLE,NBA,1,42.0,40.0,2.0,3.0
904,adelmri01,1990,POR,NBA,1,63.0,19.0,9.0,7.0
905,adubari01,1990,DAL,NBA,1,28.0,54.0,0.0,0.0
906,brownla01,1990,SAS,NBA,1,55.0,27.0,1.0,3.0
907,chanedo01,1990,HOU,NBA,1,52.0,30.0,0.0,3.0
908,dalych01,1990,DET,NBA,1,50.0,32.0,7.0,8.0
909,dunlemi01,1990,LAL,NBA,1,58.0,24.0,12.0,7.0
910,fitchbi01,1990,NJN,NBA,1,26.0,56.0,0.0,0.0
911,fitzsco01,1990,PHO,NBA,1,55.0,27.0,1.0,3.0
912,fordch01,1990,BOS,NBA,1,56.0,26.0,5.0,6.0
913,guokama02,1990,ORL,NBA,1,31.0,51.0,0.0,0.0
914,harride02,1990,MIL,NBA,1,48.0,34.0,0.0,3.0
915,hillbo01,1990,IND,NBA,2,32.0,25.0,2.0,3.0
916,jacksph01,1990,CHI,NBA,1,61.0,21.0,15.0,2.0
917,jacksst03,1990,NYK,NBA,1,7.0,8.0,0.0,0.0
918,joneskc01,1990,SEA,NBA,1,41.0,41.0,2.0,3.0
919,littlge01,1990,CHH,NBA,1,26.0,56.0,0.0,0.0
920,lynamji01,1990,PHI,NBA,1,44.0,38.0,4.0,4.0
921,maclejo01,1990,NYK,NBA,2,32.0,35.0,0.0,3.0
922,mottadi01,1990,SAC,NBA,1,25.0,57.0,0.0,0.0
923,mussebi01,1990,MIN,NBA,1,29.0,53.0,0.0,0.0
924,nelsodo01,1990,GSW,NBA,1,44.0,38.0,4.0,5.0
925,rothsro01,1990,MIA,NBA,1,24.0,58.0,0.0,0.0
926,schulmi01,1990,LAC,NBA,1,31.0,51.0,0.0,0.0
927,sloanje01,1990,UTA,NBA,1,54.0,28.0,4.0,5.0
928,unselwe01,1990,WSB,NBA,1,30.0,52.0,0.0,0.0
929,versadi01,1990,IND,NBA,1,9.0,16.0,0.0,0.0
930,weissbo01,1990,ATL,NBA,1,43.0,39.0,2.0,3.0
931,westhpa01,1990,DEN,NBA,1,20.0,62.0,0.0,0.0
932,wilkele01,1990,CLE,NBA,1,33.0,49.0,0.0,0.0
933,adelmri01,1991,POR,NBA,1,57.0,25.0,13.0,8.0
934,adubari01,1991,DAL,NBA,1,22.0,60.0,0.0,0.0
935,bassbo01,1991,SAS,NBA,2,26.0,18.0,0.0,3.0
936,bristal01,1991,CHH,NBA,1,31.0,51.0,0.0,0.0
937,brownla01,1991,LAC,NBA,3,23.0,12.0,2.0,3.0
938,brownla01,1991,SAS,NBA,1,21.0,17.0,0.0,0.0
939,calvima01,1991,LAC,NBA,2,1.0,1.0,0.0,0.0
940,chanedo01,1991,HOU,NBA,1,26.0,26.0,0.0,0.0
941,dalych01,1991,DET,NBA,1,48.0,34.0,2.0,3.0
942,dunlemi01,1991,LAL,NBA,1,43.0,39.0,1.0,3.0
943,fitchbi01,1991,NJN,NBA,1,40.0,42.0,1.0,3.0
944,fitzsco01,1991,PHO,NBA,1,53.0,29.0,4.0,4.0
945,fordch01,1991,BOS,NBA,1,51.0,31.0,6.0,4.0
946,guokama02,1991,ORL,NBA,1,21.0,61.0,0.0,0.0
947,hamblfr01,1991,MIL,NBA,2,23.0,42.0,0.0,0.0
948,harride02,1991,MIL,NBA,1,8.0,9.0,0.0,0.0
949,hillbo01,1991,IND,NBA,1,40.0,42.0,0.0,3.0
950,hughere01,1991,SAC,NBA,2,22.0,35.0,0.0,0.0
951,jacksph01,1991,CHI,NBA,1,67.0,15.0,15.0,7.0
952,joneskc01,1991,SEA,NBA,1,18.0,18.0,0.0,0.0
953,karlge01,1991,SEA,NBA,3,27.0,15.0,4.0,5.0
954,kloppbo01,1991,SEA,NBA,2,2.0,2.0,0.0,0.0
955,loughke01,1991,MIA,NBA,1,38.0,44.0,0.0,3.0
956,lynamji01,1991,PHI,NBA,1,35.0,47.0,0.0,0.0
957,mottadi01,1991,SAC,NBA,1,7.0,18.0,0.0,0.0
958,nelsodo01,1991,GSW,NBA,1,55.0,27.0,1.0,3.0
959,rileypa01,1991,NYK,NBA,1,51.0,31.0,6.0,6.0
960,rodgeji01,1991,MIN,NBA,1,15.0,67.0,0.0,0.0
961,schulmi01,1991,LAC,NBA,1,21.0,24.0,0.0,0.0
962,sloanje01,1991,UTA,NBA,1,55.0,27.0,9.0,7.0
963,tomjaru01,1991,HOU,NBA,2,16.0,14.0,0.0,0.0
964,unselwe01,1991,WSB,NBA,1,25.0,57.0,0.0,0.0
965,weissbo01,1991,ATL,NBA,1,38.0,44.0,0.0,0.0
966,westhpa01,1991,DEN,NBA,1,24.0,58.0,0.0,0.0
967,wilkele01,1991,CLE,NBA,1,57.0,25.0,9.0,8.0
968,adelmri01,1992,POR,NBA,1,51.0,31.0,1.0,3.0
969,adubari01,1992,DAL,NBA,1,2.0,27.0,0.0,0.0
970,bristal01,1992,CHH,NBA,1,44.0,38.0,4.0,5.0
971,brownla01,1992,LAC,NBA,1,41.0,41.0,2.0,3.0
972,cartefr01,1992,PHI,NBA,2,7.0,19.0,0.0,0.0
973,dalych01,1992,NJN,NBA,1,43.0,39.0,2.0,3.0
974,dunlemi01,1992,MIL,NBA,1,28.0,54.0,0.0,0.0
975,fordch01,1992,BOS,NBA,1,48.0,34.0,1.0,3.0
976,guokama02,1992,ORL,NBA,1,41.0,41.0,0.0,0.0
977,heardga01,1992,DAL,NBA,2,9.0,44.0,0.0,0.0
978,hillbo01,1992,IND,NBA,1,41.0,41.0,1.0,3.0
979,hughere01,1992,SAS,NBA,2,1.0,0.0,0.0,0.0
980,isselda01,1992,DEN,NBA,1,36.0,46.0,0.0,0.0
981,jacksph01,1992,CHI,NBA,1,57.0,25.0,15.0,4.0
982,karlge01,1992,SEA,NBA,1,55.0,27.0,10.0,9.0
983,loughke01,1992,MIA,NBA,1,36.0,46.0,0.0,0.0
984,lowesi01,1992,MIN,NBA,2,13.0,40.0,0.0,0.0
985,lucasjo01,1992,SAS,NBA,3,39.0,22.0,5.0,5.0
986,moedo01,1992,PHI,NBA,1,19.0,37.0,0.0,0.0
987,nelsodo01,1992,GSW,NBA,1,34.0,48.0,0.0,0.0
988,pfundra01,1992,LAL,NBA,1,39.0,43.0,2.0,3.0
989,rileypa01,1992,NYK,NBA,1,60.0,22.0,9.0,6.0
990,rodgeji01,1992,MIN,NBA,1,6.0,23.0,0.0,0.0
991,rothsro01,1992,DET,NBA,1,40.0,42.0,0.0,0.0
992,sloanje01,1992,UTA,NBA,1,47.0,35.0,2.0,3.0
993,stjeaga01,1992,SAC,NBA,1,25.0,57.0,0.0,0.0
994,tarkaje01,1992,SAS,NBA,1,9.0,11.0,0.0,0.0
995,tomjaru01,1992,HOU,NBA,1,55.0,27.0,6.0,6.0
996,unselwe01,1992,WSB,NBA,1,22.0,60.0,0.0,0.0
997,weissbo01,1992,ATL,NBA,1,43.0,39.0,0.0,3.0
998,westppa01,1992,PHO,NBA,1,62.0,20.0,13.0,11.0
999,wilkele01,1992,CLE,NBA,1,54.0,28.0,3.0,6.0
1000,adelmri01,1993,POR,NBA,1,47.0,35.0,1.0,3.0
1001,bertkbi01,1993,LAL,NBA,2,1.0,1.0,0.0,0.0
1002,bristal01,1993,CHH,NBA,1,41.0,41.0,0.0,0.0
1003,brownla01,1993,IND,NBA,1,47.0,35.0,10.0,6.0
1004,bucknqu01,1993,DAL,NBA,1,13.0,69.0,0.0,0.0
1005,cartefr01,1993,PHI,NBA,1,25.0,57.0,0.0,0.0
1006,chanedo01,1993,DET,NBA,1,20.0,62.0,0.0,0.0
1007,dalych01,1993,NJN,NBA,1,45.0,37.0,1.0,3.0
1008,dunlemi01,1993,MIL,NBA,1,20.0,62.0,0.0,0.0
1009,fordch01,1993,BOS,NBA,1,32.0,50.0,0.0,0.0
1010,fratemi01,1993,CLE,NBA,1,47.0,35.0,0.0,3.0
1011,hillbr01,1993,ORL,NBA,1,50.0,32.0,0.0,3.0
1012,isselda01,1993,DEN,NBA,1,42.0,40.0,6.0,6.0
1013,jacksph01,1993,CHI,NBA,1,55.0,27.0,6.0,4.0
1014,johnsma02,1993,LAL,NBA,3,5.0,11.0,0.0,0.0
1015,karlge01,1993,SEA,NBA,1,63.0,19.0,2.0,3.0
1016,loughke01,1993,MIA,NBA,1,42.0,40.0,2.0,3.0
1017,lowesi01,1993,MIN,NBA,1,20.0,62.0,0.0,0.0
1018,lucasjo01,1993,SAS,NBA,1,55.0,27.0,1.0,3.0
1019,nelsodo01,1993,GSW,NBA,1,50.0,32.0,0.0,3.0
1020,pfundra01,1993,LAL,NBA,1,27.0,37.0,0.0,0.0
1021,rileypa01,1993,NYK,NBA,1,57.0,25.0,14.0,11.0
1022,sloanje01,1993,UTA,NBA,1,53.0,29.0,8.0,8.0
1023,stjeaga01,1993,SAC,NBA,1,28.0,54.0,0.0,0.0
1024,tomjaru01,1993,HOU,NBA,1,58.0,24.0,15.0,8.0
1025,unselwe01,1993,WSB,NBA,1,24.0,58.0,0.0,0.0
1026,weissbo01,1993,LAC,NBA,1,27.0,55.0,0.0,0.0
1027,westppa01,1993,PHO,NBA,1,56.0,26.0,6.0,4.0
1028,wilkele01,1993,ATL,NBA,1,57.0,25.0,5.0,6.0
1029,beardbu01,1994,NJN,NBA,1,30.0,52.0,0.0,0.0
1030,bickebe01,1994,DEN,NBA,3,20.0,12.0,0.0,3.0
1031,blairbi01,1994,MIN,NBA,1,21.0,61.0,0.0,0.0
1032,bristal01,1994,CHH,NBA,1,50.0,32.0,1.0,3.0
1033,brownla01,1994,IND,NBA,1,52.0,30.0,10.0,7.0
1034,carlepj01,1994,POR,NBA,1,44.0,38.0,0.0,3.0
1035,chanedo01,1994,DET,NBA,1,28.0,54.0,0.0,0.0
1036,dunlemi01,1994,MIL,NBA,1,34.0,48.0,0.0,0.0
1037,fitchbi01,1994,LAC,NBA,1,17.0,65.0,0.0,0.0
1038,fordch01,1994,BOS,NBA,1,35.0,47.0,1.0,3.0
1039,fratemi01,1994,CLE,NBA,1,43.0,39.0,1.0,3.0
1040,gentral01,1994,MIA,NBA,2,15.0,21.0,0.0,0.0
1041,harride02,1994,LAL,NBA,1,48.0,34.0,5.0,5.0
1042,hillbo01,1994,SAS,NBA,1,62.0,20.0,9.0,6.0
1043,hillbr01,1994,ORL,NBA,1,57.0,25.0,11.0,10.0
1044,isselda01,1994,DEN,NBA,1,18.0,16.0,0.0,0.0
1045,jacksph01,1994,CHI,NBA,1,47.0,35.0,5.0,5.0
1046,karlge01,1994,SEA,NBA,1,57.0,25.0,1.0,3.0
1047,laniebo01,1994,GSW,NBA,2,12.0,25.0,0.0,0.0
1048,littlge01,1994,DEN,NBA,2,3.0,13.0,0.0,0.0
1049,loughke01,1994,MIA,NBA,1,17.0,29.0,0.0,0.0
1050,lucasjo01,1994,PHI,NBA,1,24.0,58.0,0.0,0.0
1051,lynamji01,1994,WSB,NBA,1,21.0,61.0,0.0,0.0
1052,mottadi01,1994,DAL,NBA,1,36.0,46.0,0.0,0.0
1053,nelsodo01,1994,GSW,NBA,1,14.0,31.0,0.0,0.0
1054,rileypa01,1994,NYK,NBA,1,55.0,27.0,6.0,5.0
1055,sloanje01,1994,UTA,NBA,1,60.0,22.0,2.0,3.0
1056,stjeaga01,1994,SAC,NBA,1,39.0,43.0,0.0,0.0
1057,tomjaru01,1994,HOU,NBA,1,47.0,35.0,15.0,7.0
1058,westppa01,1994,PHO,NBA,1,59.0,23.0,6.0,4.0
1059,wilkele01,1994,ATL,NBA,1,42.0,40.0,0.0,3.0
1060,adelmri01,1995,GSW,NBA,1,36.0,46.0,0.0,0.0
1061,beardbu01,1995,NJN,NBA,1,30.0,52.0,0.0,0.0
1062,bickebe01,1995,DEN,NBA,1,35.0,47.0,0.0,0.0
1063,blairbi01,1995,MIN,NBA,1,6.0,14.0,0.0,0.0
1064,bristal01,1995,CHH,NBA,1,41.0,41.0,0.0,0.0
1065,brownla01,1995,IND,NBA,1,52.0,30.0,2.0,3.0
1066,carlepj01,1995,POR,NBA,1,44.0,38.0,2.0,3.0
1067,carrml01,1995,BOS,NBA,1,33.0,49.0,0.0,0.0
1068,collido01,1995,DET,NBA,1,46.0,36.0,0.0,3.0
1069,dunlemi01,1995,MIL,NBA,1,25.0,57.0,0.0,0.0
1070,fitchbi01,1995,LAC,NBA,1,29.0,53.0,0.0,0.0
1071,fitzsco01,1995,PHO,NBA,2,27.0,22.0,1.0,3.0
1072,fratemi01,1995,CLE,NBA,1,47.0,35.0,0.0,3.0
1073,harride02,1995,LAL,NBA,1,53.0,29.0,1.0,3.0
1074,hillbo01,1995,SAS,NBA,1,59.0,23.0,5.0,5.0
1075,hillbr01,1995,ORL,NBA,1,60.0,22.0,7.0,5.0
1076,jacksph01,1995,CHI,NBA,1,72.0,10.0,15.0,3.0
1077,karlge01,1995,SEA,NBA,1,64.0,18.0,13.0,8.0
1078,lucasjo01,1995,PHI,NBA,1,18.0,64.0,0.0,0.0
1079,lynamji01,1995,WSB,NBA,1,39.0,43.0,0.0,0.0
1080,malonbr01,1995,TOR,NBA,1,21.0,61.0,0.0,0.0
1081,mottadi01,1995,DAL,NBA,1,26.0,56.0,0.0,0.0
1082,nelsodo01,1995,NYK,NBA,1,34.0,25.0,0.0,0.0
1083,rileypa01,1995,MIA,NBA,1,42.0,40.0,0.0,3.0
1084,saundfl01,1995,MIN,NBA,2,20.0,42.0,0.0,0.0
1085,sloanje01,1995,UTA,NBA,1,55.0,27.0,10.0,8.0
1086,stjeaga01,1995,SAC,NBA,1,39.0,43.0,1.0,3.0
1087,tomjaru01,1995,HOU,NBA,1,48.0,34.0,3.0,5.0
1088,vanguje01,1995,NYK,NBA,2,13.0,10.0,4.0,4.0
1089,westppa01,1995,PHO,NBA,1,14.0,19.0,0.0,0.0
1090,wilkele01,1995,ATL,NBA,1,46.0,36.0,4.0,6.0
1091,wintebr01,1995,VAN,NBA,1,15.0,67.0,0.0,0.0
1092,adelmri01,1996,GSW,NBA,1,30.0,52.0,0.0,0.0
1093,adubari01,1996,ORL,NBA,2,21.0,12.0,2.0,3.0
1094,aingeda01,1996,PHO,NBA,2,40.0,34.0,2.0,3.0
1095,bickebe01,1996,DEN,NBA,1,4.0,9.0,0.0,0.0
1096,bickebe01,1996,WSB,NBA,3,22.0,13.0,0.0,3.0
1097,brownla01,1996,IND,NBA,1,39.0,43.0,0.0,0.0
1098,calipjo01,1996,NJN,NBA,1,26.0,56.0,0.0,0.0
1099,carlepj01,1996,POR,NBA,1,49.0,33.0,1.0,3.0
1100,carrml01,1996,BOS,NBA,1,15.0,67.0,0.0,0.0
1101,cleamji01,1996,DAL,NBA,1,24.0,58.0,0.0,0.0
1102,collido01,1996,DET,NBA,1,54.0,28.0,2.0,3.0
1103,cowenda01,1996,CHH,NBA,1,54.0,28.0,0.0,3.0
1104,davisjo01,1996,PHI,NBA,1,22.0,60.0,0.0,0.0
1105,fitchbi01,1996,LAC,NBA,1,36.0,46.0,0.0,3.0
1106,fitzsco01,1996,PHO,NBA,1,0.0,8.0,0.0,0.0
1107,fordch01,1996,MIL,NBA,1,33.0,49.0,0.0,0.0
1108,fratemi01,1996,CLE,NBA,1,42.0,40.0,0.0,0.0
1109,harride02,1996,LAL,NBA,1,56.0,26.0,4.0,5.0
1110,hillbo01,1996,SAS,NBA,1,3.0,15.0,0.0,0.0
1111,hillbr01,1996,ORL,NBA,1,24.0,25.0,0.0,0.0
1112,jacksph01,1996,CHI,NBA,1,69.0,13.0,15.0,4.0
1113,jacksst03,1996,VAN,NBA,2,6.0,33.0,0.0,0.0
1114,jordaed01,1996,SAC,NBA,2,6.0,9.0,0.0,0.0
1115,karlge01,1996,SEA,NBA,1,57.0,25.0,6.0,6.0
1116,lynamji01,1996,WSB,NBA,1,22.0,24.0,0.0,0.0
1117,mottadi01,1996,DEN,NBA,2,17.0,52.0,0.0,0.0
1118,popovgr01,1996,SAS,NBA,2,17.0,47.0,0.0,0.0
1119,rileypa01,1996,MIA,NBA,1,61.0,21.0,8.0,9.0
1120,saundfl01,1996,MIN,NBA,1,40.0,42.0,0.0,3.0
1121,sloanje01,1996,UTA,NBA,1,64.0,18.0,13.0,7.0
1122,staakbo01,1996,WSB,NBA,2,0.0,1.0,0.0,0.0
1123,stjeaga01,1996,SAC,NBA,1,28.0,39.0,0.0,0.0
1124,tomjaru01,1996,HOU,NBA,1,57.0,25.0,9.0,7.0
1125,vanguje01,1996,NYK,NBA,1,57.0,25.0,6.0,4.0
1126,walkeda01,1996,TOR,NBA,1,30.0,52.0,0.0,0.0
1127,wilkele01,1996,ATL,NBA,1,56.0,26.0,4.0,6.0
1128,wintebr01,1996,VAN,NBA,1,8.0,35.0,0.0,0.0
1129,aingeda01,1997,PHO,NBA,1,56.0,26.0,1.0,3.0
1130,bickebe01,1997,WAS,NBA,1,42.0,40.0,0.0,0.0
1131,birdla01,1997,IND,NBA,1,58.0,24.0,10.0,6.0
1132,brownla01,1997,PHI,NBA,1,31.0,51.0,0.0,0.0
1133,calipjo01,1997,NJN,NBA,1,43.0,39.0,0.0,3.0
1134,carlepj01,1997,GSW,NBA,1,19.0,63.0,0.0,0.0
1135,cartebu01,1997,TOR,NBA,2,5.0,28.0,0.0,0.0
1136,cleamji01,1997,DAL,NBA,1,4.0,12.0,0.0,0.0
1137,collido01,1997,DET,NBA,1,21.0,24.0,0.0,0.0
1138,cowenda01,1997,CHH,NBA,1,51.0,31.0,4.0,5.0
1139,dalych01,1997,ORL,NBA,1,41.0,41.0,0.0,0.0
1140,dunlemi01,1997,POR,NBA,1,46.0,36.0,1.0,3.0
1141,fitchbi01,1997,LAC,NBA,1,17.0,65.0,0.0,0.0
1142,fordch01,1997,MIL,NBA,1,36.0,46.0,0.0,0.0
1143,fratemi01,1997,CLE,NBA,1,47.0,35.0,1.0,3.0
1144,gentral01,1997,DET,NBA,2,16.0,21.0,0.0,0.0
1145,hanzlbi01,1997,DEN,NBA,1,11.0,71.0,0.0,0.0
1146,harride02,1997,LAL,NBA,1,61.0,21.0,7.0,6.0
1147,hillbr01,1997,VAN,NBA,1,19.0,63.0,0.0,0.0
1148,jacksph01,1997,CHI,NBA,1,62.0,20.0,15.0,6.0
1149,jordaed01,1997,SAC,NBA,1,27.0,55.0,0.0,0.0
1150,karlge01,1997,SEA,NBA,1,61.0,21.0,4.0,6.0
1151,nelsodo01,1997,DAL,NBA,2,16.0,50.0,0.0,0.0
1152,pitinri01,1997,BOS,NBA,1,36.0,46.0,0.0,0.0
1153,popovgr01,1997,SAS,NBA,1,56.0,26.0,4.0,5.0
1154,rileypa01,1997,MIA,NBA,1,55.0,27.0,2.0,3.0
1155,saundfl01,1997,MIN,NBA,1,45.0,37.0,2.0,3.0
1156,sloanje01,1997,UTA,NBA,1,62.0,20.0,13.0,7.0
1157,tomjaru01,1997,HOU,NBA,1,41.0,41.0,2.0,3.0
1158,vanguje01,1997,NYK,NBA,1,43.0,39.0,4.0,6.0
1159,walkeda01,1997,TOR,NBA,1,11.0,38.0,0.0,0.0
1160,wilkele01,1997,ATL,NBA,1,50.0,32.0,1.0,3.0
1161,adelmri01,1998,SAC,NBA,1,27.0,23.0,2.0,3.0
1162,aingeda01,1998,PHO,NBA,1,27.0,23.0,0.0,3.0
1163,bertkbi01,1998,LAL,NBA,2,1.0,0.0,0.0,0.0
1164,bickebe01,1998,WAS,NBA,1,13.0,19.0,0.0,0.0
1165,birdla01,1998,IND,NBA,1,33.0,17.0,9.0,4.0
1166,broveji01,1998,WAS,NBA,2,5.0,13.0,0.0,0.0
1167,brownla01,1998,PHI,NBA,1,28.0,22.0,3.0,5.0
1168,calipjo01,1998,NJN,NBA,1,3.0,17.0,0.0,0.0
1169,carlepj01,1998,GSW,NBA,1,21.0,29.0,0.0,0.0
1170,cartebu01,1998,TOR,NBA,1,23.0,27.0,0.0,0.0
1171,caseydo01,1998,NJN,NBA,2,13.0,17.0,0.0,0.0
1172,cowenda01,1998,CHH,NBA,1,4.0,11.0,0.0,0.0
1173,dalych01,1998,ORL,NBA,1,33.0,17.0,1.0,3.0
1174,dantomi01,1998,DEN,NBA,1,14.0,36.0,0.0,0.0
1175,dunlemi01,1998,POR,NBA,1,35.0,15.0,7.0,6.0
1176,floydti01,1998,CHI,NBA,1,13.0,37.0,0.0,0.0
1177,fordch01,1998,LAC,NBA,1,9.0,41.0,0.0,0.0
1178,fratemi01,1998,CLE,NBA,1,22.0,28.0,0.0,0.0
1179,gentral01,1998,DET,NBA,1,29.0,21.0,2.0,3.0
1180,harride02,1998,LAL,NBA,1,6.0,6.0,0.0,0.0
1181,hillbr01,1998,VAN,NBA,1,8.0,42.0,0.0,0.0
1182,karlge01,1998,MIL,NBA,1,28.0,22.0,0.0,3.0
1183,nelsodo01,1998,DAL,NBA,1,19.0,31.0,0.0,0.0
1184,pitinri01,1998,BOS,NBA,1,19.0,31.0,0.0,0.0
1185,popovgr01,1998,SAS,NBA,1,37.0,13.0,15.0,2.0
1186,rambiku01,1998,LAL,NBA,3,24.0,13.0,3.0,5.0
1187,rileypa01,1998,MIA,NBA,1,33.0,17.0,2.0,3.0
1188,saundfl01,1998,MIN,NBA,1,25.0,25.0,1.0,3.0
1189,silaspa01,1998,CHH,NBA,2,22.0,13.0,0.0,0.0
1190,sloanje01,1998,UTA,NBA,1,37.0,13.0,5.0,6.0
1191,tomjaru01,1998,HOU,NBA,1,31.0,19.0,1.0,3.0
1192,vanguje01,1998,NYK,NBA,1,27.0,23.0,12.0,8.0
1193,westppa01,1998,SEA,NBA,1,25.0,25.0,0.0,0.0
1194,wilkele01,1998,ATL,NBA,1,31.0,19.0,3.0,6.0
1195,adelmri01,1999,SAC,NBA,1,44.0,38.0,2.0,3.0
1196,aingeda01,1999,PHO,NBA,1,13.0,7.0,0.0,0.0
1197,birdla01,1999,IND,NBA,1,56.0,26.0,13.0,10.0
1198,brownla01,1999,PHI,NBA,1,49.0,33.0,5.0,5.0
1199,carlepj01,1999,GSW,NBA,1,6.0,21.0,0.0,0.0
1200,cartebu01,1999,TOR,NBA,1,45.0,37.0,0.0,3.0
1201,caseydo01,1999,NJN,NBA,1,31.0,51.0,0.0,0.0
1202,dunlemi01,1999,POR,NBA,1,59.0,23.0,10.0,6.0
1203,floydti01,1999,CHI,NBA,1,17.0,65.0,0.0,0.0
1204,fordch01,1999,LAC,NBA,1,11.0,34.0,0.0,0.0
1205,gentral01,1999,DET,NBA,1,28.0,30.0,0.0,0.0
1206,heardga01,1999,WAS,NBA,2,14.0,30.0,0.0,0.0
1207,hillbr01,1999,VAN,NBA,1,4.0,18.0,0.0,0.0
1208,hollili01,1999,VAN,NBA,2,18.0,42.0,0.0,0.0
1209,irvinge01,1999,DET,NBA,2,14.0,10.0,0.0,3.0
1210,isselda01,1999,DEN,NBA,1,35.0,47.0,0.0,0.0
1211,jacksph01,1999,LAL,NBA,1,67.0,15.0,15.0,8.0
1212,karlge01,1999,MIL,NBA,1,42.0,40.0,2.0,3.0
1213,nelsodo01,1999,DAL,NBA,1,40.0,42.0,0.0,0.0
1214,pitinri01,1999,BOS,NBA,1,35.0,47.0,0.0,0.0
1215,popovgr01,1999,SAS,NBA,1,53.0,29.0,1.0,3.0
1216,rileypa01,1999,MIA,NBA,1,52.0,30.0,6.0,4.0
1217,riverdo01,1999,ORL,NBA,1,41.0,41.0,0.0,0.0
1218,saundfl01,1999,MIN,NBA,1,50.0,32.0,1.0,3.0
1219,silaspa01,1999,CHH,NBA,1,49.0,33.0,1.0,3.0
1220,skilesc01,1999,PHO,NBA,2,40.0,22.0,4.0,5.0
1221,sloanje01,1999,UTA,NBA,1,55.0,27.0,4.0,6.0
1222,stjeaga01,1999,GSW,NBA,2,13.0,42.0,0.0,0.0
1223,toddji01,1999,LAC,NBA,2,4.0,33.0,0.0,0.0
1224,tomjaru01,1999,HOU,NBA,1,34.0,48.0,0.0,0.0
1225,vanguje01,1999,NYK,NBA,1,50.0,32.0,9.0,7.0
1226,walkeda01,1999,WAS,NBA,1,15.0,23.0,0.0,0.0
1227,westppa01,1999,SEA,NBA,1,45.0,37.0,2.0,3.0
1228,wilkele01,1999,ATL,NBA,1,28.0,54.0,0.0,0.0
1229,wittmra01,1999,CLE,NBA,1,32.0,50.0,0.0,0.0
1230,adelmri01,2000,SAC,NBA,1,55.0,27.0,3.0,5.0
1231,brownla01,2000,PHI,NBA,1,56.0,26.0,12.0,11.0
1232,cowenda01,2000,GSW,NBA,1,17.0,65.0,0.0,0.0
1233,dunlemi01,2000,POR,NBA,1,50.0,32.0,0.0,3.0
1234,floydti01,2000,CHI,NBA,1,15.0,67.0,0.0,0.0
1235,gentral01,2000,LAC,NBA,1,31.0,51.0,0.0,0.0
1236,hamille01,2000,WAS,NBA,1,19.0,63.0,0.0,0.0
1237,irvinge01,2000,DET,NBA,1,32.0,50.0,0.0,0.0
1238,isselda01,2000,DEN,NBA,1,40.0,42.0,0.0,0.0
1239,jacksph01,2000,LAL,NBA,1,56.0,26.0,15.0,1.0
1240,karlge01,2000,MIL,NBA,1,52.0,30.0,10.0,8.0
1241,krugelo01,2000,ATL,NBA,1,25.0,57.0,0.0,0.0
1242,lowesi01,2000,VAN,NBA,1,23.0,59.0,0.0,0.0
1243,mcmilna01,2000,SEA,NBA,2,38.0,29.0,0.0,0.0
1244,nelsodo01,2000,DAL,NBA,1,53.0,29.0,4.0,6.0
1245,obrieji03,2000,BOS,NBA,2,24.0,24.0,0.0,0.0
1246,pitinri01,2000,BOS,NBA,1,12.0,22.0,0.0,0.0
1247,popovgr01,2000,SAS,NBA,1,58.0,24.0,7.0,6.0
1248,rileypa01,2000,MIA,NBA,1,50.0,32.0,0.0,3.0
1249,riverdo01,2000,ORL,NBA,1,43.0,39.0,1.0,3.0
1250,saundfl01,2000,MIN,NBA,1,47.0,35.0,1.0,3.0
1251,scottby01,2000,NJN,NBA,1,26.0,56.0,0.0,0.0
1252,silaspa01,2000,CHH,NBA,1,46.0,36.0,6.0,4.0
1253,skilesc01,2000,PHO,NBA,1,51.0,31.0,1.0,3.0
1254,sloanje01,2000,UTA,NBA,1,53.0,29.0,2.0,3.0
1255,thomais01,2000,IND,NBA,1,41.0,41.0,1.0,3.0
1256,tomjaru01,2000,HOU,NBA,1,45.0,37.0,0.0,0.0
1257,vanguje01,2000,NYK,NBA,1,48.0,34.0,2.0,3.0
1258,westppa01,2000,SEA,NBA,1,6.0,9.0,0.0,0.0
1259,wilkele01,2000,TOR,NBA,1,47.0,35.0,6.0,6.0
1260,wittmra01,2000,CLE,NBA,1,30.0,52.0,0.0,0.0
1261,adelmri01,2001,SAC,NBA,1,61.0,21.0,10.0,6.0
1262,berrybi01,2001,CHI,NBA,2,0.0,2.0,0.0,0.0
1263,brownla01,2001,PHI,NBA,1,43.0,39.0,2.0,3.0
1264,carliri01,2001,DET,NBA,1,50.0,32.0,4.0,6.0
1265,cartwbi01,2001,CHI,NBA,3,17.0,38.0,0.0,0.0
1266,chanedo01,2001,NYK,NBA,2,20.0,43.0,0.0,0.0
1267,cheekma01,2001,POR,NBA,1,49.0,33.0,0.0,3.0
1268,collido01,2001,WAS,NBA,1,37.0,45.0,0.0,0.0
1269,cowenda01,2001,GSW,NBA,1,8.0,15.0,0.0,0.0
1270,evansmi01,2001,DEN,NBA,2,18.0,38.0,0.0,0.0
1271,floydti01,2001,CHI,NBA,1,4.0,21.0,0.0,0.0
1272,gentral01,2001,LAC,NBA,1,39.0,43.0,0.0,0.0
1273,isselda01,2001,DEN,NBA,1,9.0,17.0,0.0,0.0
1274,jacksph01,2001,LAL,NBA,1,58.0,24.0,15.0,4.0
1275,johnsfr01,2001,PHO,NBA,2,11.0,20.0,0.0,0.0
1276,karlge01,2001,MIL,NBA,1,41.0,41.0,0.0,0.0
1277,krugelo01,2001,ATL,NBA,1,33.0,49.0,0.0,0.0
1278,lowesi01,2001,MEM,NBA,1,23.0,59.0,0.0,0.0
1279,lucasjo01,2001,CLE,NBA,1,29.0,53.0,0.0,0.0
1280,mcmilna01,2001,SEA,NBA,1,45.0,37.0,2.0,3.0
1281,nelsodo01,2001,DAL,NBA,1,57.0,25.0,4.0,4.0
1282,obrieji03,2001,BOS,NBA,1,49.0,33.0,9.0,7.0
1283,popovgr01,2001,SAS,NBA,1,58.0,24.0,4.0,6.0
1284,rileypa01,2001,MIA,NBA,1,36.0,46.0,0.0,0.0
1285,riverdo01,2001,ORL,NBA,1,44.0,38.0,1.0,3.0
1286,saundfl01,2001,MIN,NBA,1,50.0,32.0,0.0,3.0
1287,scottby01,2001,NJN,NBA,1,52.0,30.0,11.0,9.0
1288,silaspa01,2001,CHH,NBA,1,44.0,38.0,4.0,5.0
1289,skilesc01,2001,PHO,NBA,1,25.0,26.0,0.0,0.0
1290,sloanje01,2001,UTA,NBA,1,44.0,38.0,1.0,3.0
1291,thomais01,2001,IND,NBA,1,42.0,40.0,2.0,3.0
1292,tomjaru01,2001,HOU,NBA,1,28.0,54.0,0.0,0.0
1293,vanguje01,2001,NYK,NBA,1,10.0,9.0,0.0,0.0
1294,wilkele01,2001,TOR,NBA,1,42.0,40.0,2.0,3.0
1295,wintebr01,2001,GSW,NBA,2,13.0,46.0,0.0,0.0
1296,adelmri01,2002,SAC,NBA,1,59.0,23.0,7.0,5.0
1297,brownhu01,2002,MEM,NBA,2,28.0,46.0,0.0,0.0
1298,brownla01,2002,PHI,NBA,1,48.0,34.0,6.0,6.0
1299,bzdelje01,2002,DEN,NBA,1,17.0,65.0,0.0,0.0
1300,carliri01,2002,DET,NBA,1,50.0,32.0,8.0,9.0
1301,cartwbi01,2002,CHI,NBA,1,30.0,52.0,0.0,0.0
1302,chanedo01,2002,NYK,NBA,1,37.0,45.0,0.0,0.0
1303,cheekma01,2002,POR,NBA,1,50.0,32.0,3.0,4.0
1304,collido01,2002,WAS,NBA,1,37.0,45.0,0.0,0.0
1305,gentral01,2002,LAC,NBA,1,19.0,39.0,0.0,0.0
1306,jacksph01,2002,LAL,NBA,1,50.0,32.0,6.0,6.0
1307,johnsde01,2002,LAC,NBA,2,8.0,16.0,0.0,0.0
1308,johnsfr01,2002,PHO,NBA,1,44.0,38.0,2.0,4.0
1309,karlge01,2002,MIL,NBA,1,42.0,40.0,2.0,4.0
1310,krugelo01,2002,ATL,NBA,1,11.0,16.0,0.0,0.0
1311,lowesi01,2002,MEM,NBA,1,0.0,8.0,0.0,0.0
1312,lucasjo01,2002,CLE,NBA,1,8.0,34.0,0.0,0.0
1313,mcmilna01,2002,SEA,NBA,1,40.0,42.0,0.0,0.0
1314,musseer01,2002,GSW,NBA,1,38.0,44.0,0.0,0.0
1315,nelsodo01,2002,DAL,NBA,1,60.0,22.0,10.0,10.0
1316,obrieji03,2002,BOS,NBA,1,44.0,38.0,4.0,6.0
1317,popovgr01,2002,SAS,NBA,1,60.0,22.0,16.0,8.0
1318,rileypa01,2002,MIA,NBA,1,25.0,57.0,0.0,0.0
1319,riverdo01,2002,ORL,NBA,1,42.0,40.0,3.0,4.0
1320,saundfl01,2002,MIN,NBA,1,51.0,31.0,2.0,4.0
1321,scottby01,2002,NJN,NBA,1,49.0,33.0,14.0,6.0
1322,silaspa01,2002,NOH,NBA,1,47.0,35.0,2.0,4.0
1323,sloanje01,2002,UTA,NBA,1,47.0,35.0,1.0,4.0
1324,smartke01,2002,CLE,NBA,2,9.0,31.0,0.0,0.0
1325,stottte01,2002,ATL,NBA,2,24.0,31.0,0.0,0.0
1326,thomais01,2002,IND,NBA,1,48.0,34.0,2.0,4.0
1327,tomjaru01,2002,HOU,NBA,1,43.0,39.0,0.0,0.0
1328,wilkele01,2002,TOR,NBA,1,24.0,58.0,0.0,0.0
1329,adelmri01,2003,SAC,NBA,1,55.0,27.0,7.0,5.0
1330,ayersra01,2003,PHI,NBA,1,21.0,31.0,0.0,0.0
1331,brownhu01,2003,MEM,NBA,1,50.0,32.0,0.0,4.0
1332,brownla01,2003,DET,NBA,1,54.0,28.0,16.0,7.0
1333,bzdelje01,2003,DEN,NBA,1,43.0,39.0,1.0,4.0
1334,carliri01,2003,IND,NBA,1,61.0,21.0,10.0,6.0
1335,carrojo02,2003,BOS,NBA,2,14.0,22.0,0.0,4.0
1336,cartwbi01,2003,CHI,NBA,1,4.0,10.0,0.0,0.0
1337,chanedo01,2003,NYK,NBA,1,15.0,24.0,0.0,0.0
1338,cheekma01,2003,POR,NBA,1,41.0,41.0,0.0,0.0
1339,dantomi01,2003,PHO,NBA,2,21.0,40.0,0.0,0.0
1340,davisjo01,2003,ORL,NBA,2,20.0,51.0,0.0,0.0
1341,dunlemi01,2003,LAC,NBA,1,28.0,54.0,0.0,0.0
1342,floydti01,2003,NOH,NBA,1,41.0,41.0,3.0,4.0
1343,fordch01,2003,PHI,NBA,2,12.0,18.0,0.0,0.0
1344,frankla01,2003,NJN,NBA,2,25.0,15.0,7.0,4.0
1345,jacksph01,2003,LAL,NBA,1,56.0,26.0,13.0,9.0
1346,johnsfr01,2003,PHO,NBA,1,8.0,13.0,0.0,0.0
1347,jordaed01,2003,WAS,NBA,1,25.0,57.0,0.0,0.0
1348,mcmilna01,2003,SEA,NBA,1,37.0,45.0,0.0,0.0
1349,musseer01,2003,GSW,NBA,1,37.0,45.0,0.0,0.0
1350,myerspe01,2003,CHI,NBA,2,0.0,2.0,0.0,0.0
1351,nelsodo01,2003,DAL,NBA,1,52.0,30.0,1.0,4.0
1352,obrieji03,2003,BOS,NBA,1,22.0,24.0,0.0,0.0
1353,oneilke01,2003,TOR,NBA,1,33.0,49.0,0.0,0.0
1354,popovgr01,2003,SAS,NBA,1,57.0,25.0,6.0,4.0
1355,portete01,2003,MIL,NBA,1,41.0,41.0,1.0,4.0
1356,riverdo01,2003,ORL,NBA,1,1.0,10.0,0.0,0.0
1357,saundfl01,2003,MIN,NBA,1,58.0,24.0,10.0,8.0
1358,scottby01,2003,NJN,NBA,1,22.0,20.0,0.0,0.0
1359,silaspa01,2003,CLE,NBA,1,35.0,47.0,0.0,0.0
1360,skilesc01,2003,CHI,NBA,3,19.0,47.0,0.0,0.0
1361,sloanje01,2003,UTA,NBA,1,42.0,40.0,0.0,0.0
1362,stottte01,2003,ATL,NBA,1,28.0,54.0,0.0,0.0
1363,vanguje01,2003,HOU,NBA,1,45.0,37.0,1.0,4.0
1364,vangust01,2003,MIA,NBA,1,42.0,40.0,6.0,7.0
1365,wilkele01,2003,NYK,NBA,3,23.0,19.0,0.0,4.0
1366,willihe01,2003,NYK,NBA,2,1.0,0.0,0.0,0.0
1367,adelmri01,2004,SAC,NBA,1,50.0,32.0,1.0,4.0
1368,bickebe01,2004,CHA,NBA,1,18.0,64.0,0.0,0.0
1369,brownhu01,2004,MEM,NBA,1,5.0,7.0,0.0,0.0
1370,brownla01,2004,DET,NBA,1,54.0,28.0,15.0,10.0
1371,bzdelje01,2004,DEN,NBA,1,13.0,15.0,0.0,0.0
1372,carliri01,2004,IND,NBA,1,44.0,38.0,6.0,7.0
1373,cheekma01,2004,POR,NBA,1,22.0,33.0,0.0,0.0
1374,coopemi01,2004,DEN,NBA,2,4.0,10.0,0.0,0.0
1375,dantomi01,2004,PHO,NBA,1,62.0,20.0,9.0,6.0
1376,davisjo01,2004,ORL,NBA,1,31.0,33.0,0.0,0.0
1377,dunlemi01,2004,LAC,NBA,1,37.0,45.0,0.0,0.0
1378,frankla01,2004,NJN,NBA,1,42.0,40.0,0.0,4.0
1379,fratemi01,2004,MEM,NBA,2,40.0,30.0,0.0,4.0
1380,hamblfr01,2004,LAL,NBA,2,10.0,29.0,0.0,0.0
1381,jentch01,2004,ORL,NBA,2,5.0,13.0,0.0,0.0
1382,johnsav01,2004,DAL,NBA,2,16.0,2.0,6.0,7.0
1383,jordaed01,2004,WAS,NBA,1,45.0,37.0,4.0,6.0
1384,karlge01,2004,DEN,NBA,3,32.0,8.0,1.0,4.0
1385,malonbr01,2004,CLE,NBA,2,8.0,10.0,0.0,0.0
1386,mchalke01,2004,MIN,NBA,2,19.0,12.0,0.0,0.0
1387,mcmilna01,2004,SEA,NBA,1,52.0,30.0,6.0,5.0
1388,mitchsa01,2004,TOR,NBA,1,33.0,49.0,0.0,0.0
1389,montgmi01,2004,GSW,NBA,1,34.0,48.0,0.0,0.0
1390,nelsodo01,2004,DAL,NBA,1,42.0,22.0,0.0,0.0
1391,obrieji03,2004,PHI,NBA,1,43.0,39.0,1.0,4.0
1392,popovgr01,2004,SAS,NBA,1,59.0,23.0,16.0,7.0
1393,portete01,2004,MIL,NBA,1,30.0,52.0,0.0,0.0
1394,pritcke01,2004,POR,NBA,2,5.0,22.0,0.0,0.0
1395,riverdo01,2004,BOS,NBA,1,45.0,37.0,3.0,4.0
1396,saundfl01,2004,MIN,NBA,1,25.0,26.0,0.0,0.0
1397,scottby01,2004,NOH,NBA,1,18.0,64.0,0.0,0.0
1398,silaspa01,2004,CLE,NBA,1,34.0,30.0,0.0,0.0
1399,skilesc01,2004,CHI,NBA,1,47.0,35.0,2.0,4.0
1400,sloanje01,2004,UTA,NBA,1,26.0,56.0,0.0,0.0
1401,tomjaru01,2004,LAL,NBA,1,24.0,19.0,0.0,0.0
1402,vanguje01,2004,HOU,NBA,1,51.0,31.0,3.0,4.0
1403,vangust01,2004,MIA,NBA,1,59.0,23.0,11.0,4.0
1404,wilkele01,2004,NYK,NBA,1,17.0,22.0,0.0,0.0
1405,willihe01,2004,NYK,NBA,2,16.0,27.0,0.0,0.0
1406,woodsmi01,2004,ATL,NBA,1,13.0,69.0,0.0,0.0
1407,adelmri01,2005,SAC,NBA,1,44.0,38.0,2.0,4.0
1408,bickebe01,2005,CHA,NBA,1,26.0,56.0,0.0,0.0
1409,brownla01,2005,NYK,NBA,1,23.0,59.0,0.0,0.0
1410,brownmi02,2005,CLE,NBA,1,50.0,32.0,7.0,6.0
1411,carliri01,2005,IND,NBA,1,41.0,41.0,2.0,4.0
1412,caseydw01,2005,MIN,NBA,1,33.0,49.0,0.0,0.0
1413,cheekma01,2005,PHI,NBA,1,38.0,44.0,0.0,0.0
1414,dantomi01,2005,PHO,NBA,1,54.0,28.0,10.0,10.0
1415,dunlemi01,2005,LAC,NBA,1,47.0,35.0,7.0,5.0
1416,frankla01,2005,NJN,NBA,1,49.0,33.0,5.0,6.0
1417,fratemi01,2005,MEM,NBA,1,49.0,33.0,0.0,4.0
1418,hillbo01,2005,SEA,NBA,2,22.0,30.0,0.0,0.0
1419,hillbr01,2005,ORL,NBA,1,36.0,46.0,0.0,0.0
1420,jacksph01,2005,LAL,NBA,1,45.0,37.0,3.0,4.0
1421,johnsav01,2005,DAL,NBA,1,60.0,22.0,14.0,9.0
1422,jordaed01,2005,WAS,NBA,1,42.0,40.0,2.0,4.0
1423,karlge01,2005,DEN,NBA,1,44.0,38.0,1.0,4.0
1424,mcmilna01,2005,POR,NBA,1,21.0,61.0,0.0,0.0
1425,mitchsa01,2005,TOR,NBA,1,27.0,55.0,0.0,0.0
1426,montgmi01,2005,GSW,NBA,1,34.0,48.0,0.0,0.0
1427,popovgr01,2005,SAS,NBA,1,63.0,19.0,7.0,6.0
1428,rileypa01,2005,MIA,NBA,2,41.0,20.0,16.0,7.0
1429,riverdo01,2005,BOS,NBA,1,33.0,49.0,0.0,0.0
1430,saundfl01,2005,DET,NBA,1,64.0,18.0,10.0,8.0
1431,scottby01,2005,NOK,NBA,1,38.0,44.0,0.0,0.0
1432,skilesc01,2005,CHI,NBA,1,41.0,41.0,2.0,4.0
1433,sloanje01,2005,UTA,NBA,1,41.0,41.0,0.0,0.0
1434,stottte01,2005,MIL,NBA,1,40.0,42.0,1.0,4.0
1435,vanguje01,2005,HOU,NBA,1,34.0,48.0,0.0,0.0
1436,vangust01,2005,MIA,NBA,1,11.0,10.0,0.0,0.0
1437,weissbo01,2005,SEA,NBA,1,13.0,17.0,0.0,0.0
1438,woodsmi01,2005,ATL,NBA,1,26.0,56.0,0.0,0.0
1439,baronto01,2006,MEM,NBA,2,16.0,36.0,0.0,0.0
1440,bickebe01,2006,CHA,NBA,1,33.0,49.0,0.0,0.0
1441,brownmi02,2006,CLE,NBA,1,50.0,32.0,12.0,8.0
1442,carliri01,2006,IND,NBA,1,35.0,47.0,0.0,0.0
1443,caseydw01,2006,MIN,NBA,1,20.0,20.0,0.0,0.0
1444,cheekma01,2006,PHI,NBA,1,35.0,47.0,0.0,0.0
1445,dantomi01,2006,PHO,NBA,1,61.0,21.0,6.0,5.0
1446,dunlemi01,2006,LAC,NBA,1,40.0,42.0,0.0,0.0
1447,frankla01,2006,NJN,NBA,1,41.0,41.0,6.0,6.0
1448,fratemi01,2006,MEM,NBA,1,6.0,24.0,0.0,0.0
1449,hillbo01,2006,SEA,NBA,1,31.0,51.0,0.0,0.0
1450,hillbr01,2006,ORL,NBA,1,40.0,42.0,0.0,4.0
1451,jacksph01,2006,LAL,NBA,1,42.0,40.0,1.0,4.0
1452,johnsav01,2006,DAL,NBA,1,67.0,15.0,2.0,4.0
1453,jordaed01,2006,WAS,NBA,1,41.0,41.0,0.0,4.0
1454,karlge01,2006,DEN,NBA,1,45.0,37.0,1.0,4.0
1455,krystla01,2006,MIL,NBA,2,5.0,13.0,0.0,0.0
1456,mcmilna01,2006,POR,NBA,1,32.0,50.0,0.0,0.0
1457,mitchsa01,2006,TOR,NBA,1,47.0,35.0,2.0,4.0
1458,musseer01,2006,SAC,NBA,1,33.0,49.0,0.0,0.0
1459,nelsodo01,2006,GSW,NBA,1,42.0,40.0,5.0,6.0
1460,popovgr01,2006,SAS,NBA,1,58.0,24.0,16.0,4.0
1461,rileypa01,2006,MIA,NBA,1,44.0,38.0,0.0,4.0
1462,riverdo01,2006,BOS,NBA,1,24.0,58.0,0.0,0.0
1463,saundfl01,2006,DET,NBA,1,53.0,29.0,10.0,6.0
1464,scottby01,2006,NOK,NBA,1,39.0,43.0,0.0,0.0
1465,skilesc01,2006,CHI,NBA,1,49.0,33.0,6.0,4.0
1466,sloanje01,2006,UTA,NBA,1,51.0,31.0,9.0,8.0
1467,stottte01,2006,MIL,NBA,1,23.0,41.0,0.0,0.0
1468,thomais01,2006,NYK,NBA,1,33.0,49.0,0.0,0.0
1469,vanguje01,2006,HOU,NBA,1,52.0,30.0,3.0,4.0
1470,wittmra01,2006,MIN,NBA,2,12.0,30.0,0.0,0.0
1471,woodsmi01,2006,ATL,NBA,1,30.0,52.0,0.0,0.0
1472,adelmri01,2007,HOU,NBA,1,55.0,27.0,2.0,4.0
1473,boylaji01,2007,CHI,NBA,3,24.0,32.0,0.0,0.0
1474,brownmi02,2007,CLE,NBA,1,45.0,37.0,7.0,6.0
1475,carlepj01,2007,SEA,NBA,1,20.0,62.0,0.0,0.0
1476,cheekma01,2007,PHI,NBA,1,40.0,42.0,2.0,4.0
1477,dantomi01,2007,PHO,NBA,1,55.0,27.0,1.0,4.0
1478,dunlemi01,2007,LAC,NBA,1,23.0,59.0,0.0,0.0
1479,frankla01,2007,NJN,NBA,1,34.0,48.0,0.0,0.0
1480,iavarma01,2007,MEM,NBA,1,22.0,60.0,0.0,0.0
1481,jacksph01,2007,LAL,NBA,1,57.0,25.0,14.0,7.0
1482,johnsav01,2007,DAL,NBA,1,51.0,31.0,1.0,4.0
1483,jordaed01,2007,WAS,NBA,1,43.0,39.0,2.0,4.0
1484,karlge01,2007,DEN,NBA,1,50.0,32.0,0.0,4.0
1485,krystla01,2007,MIL,NBA,1,26.0,56.0,0.0,0.0
1486,mcmilna01,2007,POR,NBA,1,41.0,41.0,0.0,0.0
1487,mitchsa01,2007,TOR,NBA,1,41.0,41.0,1.0,4.0
1488,myerspe01,2007,CHI,NBA,2,0.0,1.0,0.0,0.0
1489,nelsodo01,2007,GSW,NBA,1,48.0,34.0,0.0,0.0
1490,obrieji03,2007,IND,NBA,1,36.0,46.0,0.0,0.0
1491,popovgr01,2007,SAS,NBA,1,56.0,26.0,9.0,8.0
1492,rileypa01,2007,MIA,NBA,1,15.0,67.0,0.0,0.0
1493,riverdo01,2007,BOS,NBA,1,66.0,16.0,16.0,10.0
1494,saundfl01,2007,DET,NBA,1,59.0,23.0,10.0,7.0
1495,scottby01,2007,NOH,NBA,1,56.0,26.0,7.0,5.0
1496,skilesc01,2007,CHI,NBA,1,9.0,16.0,0.0,0.0
1497,sloanje01,2007,UTA,NBA,1,54.0,28.0,6.0,6.0
1498,theusre01,2007,SAC,NBA,1,38.0,44.0,0.0,0.0
1499,thomais01,2007,NYK,NBA,1,23.0,59.0,0.0,0.0
1500,vangust01,2007,ORL,NBA,1,52.0,30.0,5.0,5.0
1501,vincesa01,2007,CHR,NBA,1,32.0,50.0,0.0,0.0
1502,wittmra01,2007,MIN,NBA,1,22.0,60.0,0.0,0.0
1503,woodsmi01,2007,ATL,NBA,1,37.0,45.0,3.0,4.0
1504,adelmri01,2008,HOU,NBA,1,53.0,29.0,7.0,6.0
1505,brooksc01,2008,OKC,NBA,2,22.0,46.0,0.0,0.0
1506,brownla01,2008,CHR,NBA,1,35.0,47.0,0.0,0.0
1507,brownmi02,2008,CLE,NBA,1,66.0,16.0,10.0,4.0
1508,carlepj01,2008,OKC,NBA,1,1.0,13.0,0.0,0.0
1509,carliri01,2008,DAL,NBA,1,50.0,32.0,0.0,0.0
1510,cheekma01,2008,PHI,NBA,1,9.0,14.0,0.0,0.0
1511,currymi01,2008,DET,NBA,1,39.0,43.0,0.0,4.0
1512,dantomi01,2008,NYK,NBA,1,32.0,50.0,0.0,0.0
1513,davisjo01,2008,MEM,NBA,2,0.0,2.0,0.0,0.0
1514,delnevi01,2008,CHI,NBA,1,41.0,41.0,3.0,4.0
1515,dileoto01,2008,PHI,NBA,2,32.0,27.0,2.0,4.0
1516,dunlemi01,2008,LAC,NBA,1,19.0,63.0,0.0,0.0
1517,frankla01,2008,NJN,NBA,1,34.0,48.0,0.0,0.0
1518,gentral01,2008,PHO,NBA,2,18.0,13.0,0.0,0.0
1519,hollili01,2008,MEM,NBA,3,13.0,26.0,0.0,0.0
1520,iavarma01,2008,MEM,NBA,1,11.0,30.0,0.0,0.0
1521,jacksph01,2008,LAL,NBA,1,65.0,17.0,16.0,7.0
1522,jordaed01,2008,WAS,NBA,1,1.0,10.0,0.0,0.0
1523,karlge01,2008,DEN,NBA,1,54.0,28.0,10.0,6.0
1524,mchalke01,2008,MIN,NBA,2,20.0,43.0,0.0,0.0
1525,mcmilna01,2008,POR,NBA,1,54.0,28.0,2.0,4.0
1526,mitchsa01,2008,TOR,NBA,1,8.0,9.0,0.0,0.0
1527,nattke01,2008,SAC,NBA,2,11.0,47.0,0.0,0.0
1528,nelsodo01,2008,GSW,NBA,1,29.0,53.0,0.0,0.0
1529,obrieji03,2008,IND,NBA,1,36.0,46.0,0.0,0.0
1530,popovgr01,2008,SAS,NBA,1,54.0,28.0,1.0,4.0
1531,portete01,2008,PHO,NBA,1,23.0,18.0,0.0,0.0
1532,riverdo01,2008,BOS,NBA,1,62.0,20.0,7.0,7.0
1533,scottby01,2008,NOH,NBA,1,49.0,33.0,1.0,4.0
1534,skilesc01,2008,MIL,NBA,1,34.0,48.0,0.0,0.0
1535,sloanje01,2008,UTA,NBA,1,48.0,34.0,0.0,0.0
1536,spoeler01,2008,MIA,NBA,1,43.0,39.0,3.0,4.0
1537,tapsced01,2008,WAS,NBA,2,18.0,53.0,0.0,0.0
1538,theusre01,2008,SAC,NBA,1,6.0,18.0,0.0,0.0
1539,trianja01,2008,TOR,NBA,2,25.0,40.0,0.0,0.0
1540,vangust01,2008,ORL,NBA,1,59.0,23.0,13.0,11.0
1541,wittmra01,2008,MIN,NBA,1,4.0,15.0,0.0,0.0
1542,woodsmi01,2008,ATL,NBA,1,47.0,35.0,4.0,4.0
1543,adelmri01,2009,HOU,NBA,1,42.0,40.0,0.0,0.0
1544,barrito01,2009,NJN,NBA,2,0.0,2.0,0.0,0.0
1545,bowerje01,2009,NOH,NBA,2,34.0,39.0,0.0,0.0
1546,brooksc01,2009,OKC,NBA,1,50.0,32.0,2.0,4.0
1547,brownla01,2009,CHR,NBA,1,44.0,38.0,0.0,4.0
1548,brownmi02,2009,CLE,NBA,1,61.0,21.0,6.0,5.0
1549,carliri01,2009,DAL,NBA,1,55.0,27.0,2.0,4.0
1550,dantomi01,2009,NYK,NBA,1,29.0,53.0,0.0,0.0
1551,delnevi01,2009,CHI,NBA,1,41.0,41.0,1.0,4.0
1552,dunlemi01,2009,LAC,NBA,1,21.0,28.0,0.0,0.0
1553,frankla01,2009,NJN,NBA,1,0.0,16.0,0.0,0.0
1554,gentral01,2009,PHO,NBA,1,54.0,28.0,10.0,6.0
1555,hollili01,2009,MEM,NBA,1,40.0,42.0,0.0,0.0
1556,hugheki01,2009,LAC,NBA,2,8.0,25.0,0.0,0.0
1557,jacksph01,2009,LAL,NBA,1,57.0,25.0,0.0,0.0
1558,jordaed01,2009,PHI,NBA,1,27.0,55.0,0.0,0.0
1559,karlge01,2009,DEN,NBA,1,53.0,29.0,2.0,4.0
1560,kuestjo01,2009,DET,NBA,1,27.0,55.0,0.0,0.0
1561,mcmilna01,2009,POR,NBA,1,50.0,32.0,2.0,4.0
1562,nelsodo01,2009,GSW,NBA,1,26.0,56.0,0.0,0.0
1563,obrieji03,2009,IND,NBA,1,32.0,50.0,0.0,0.0
1564,popovgr01,2009,SAS,NBA,1,50.0,32.0,4.0,6.0
1565,rambiku01,2009,MIN,NBA,1,15.0,67.0,0.0,0.0
1566,riverdo01,2009,BOS,NBA,1,50.0,32.0,15.0,9.0
1567,saundfl01,2009,WAS,NBA,1,26.0,56.0,0.0,0.0
1568,scottby01,2009,NOH,NBA,1,3.0,6.0,0.0,0.0
1569,skilesc01,2009,MIL,NBA,1,46.0,36.0,3.0,4.0
1570,sloanje01,2009,UTA,NBA,1,53.0,29.0,4.0,6.0
1571,spoeler01,2009,MIA,NBA,1,47.0,35.0,1.0,4.0
1572,trianja01,2009,TOR,NBA,1,40.0,42.0,0.0,0.0
1573,vandeki01,2009,NJN,NBA,3,12.0,52.0,0.0,0.0
1574,vangust01,2009,ORL,NBA,1,59.0,23.0,10.0,4.0
1575,westppa01,2009,SAC,NBA,1,25.0,57.0,0.0,0.0
1576,woodsmi01,2009,ATL,NBA,1,53.0,29.0,4.0,7.0
1577,adelmri01,2010,HOU,NBA,1,43.0,39.0,0.0,0.0
1578,brooksc01,2010,OKC,NBA,1,55.0,27.0,9.0,8.0
1579,brownla01,2010,CHA,NBA,1,9.0,19.0,0.0,0.0
1580,carliri01,2010,DAL,NBA,1,57.0,25.0,16.0,4.0
1581,collido01,2010,PHI,NBA,1,41.0,41.0,1.0,4.0
1582,corbity01,2010,UTA,NBA,2,8.0,20.0,0.0,0.0
1583,dantomi01,2010,NYK,NBA,1,42.0,40.0,0.0,4.0
1584,delnevi01,2010,LAC,NBA,1,32.0,50.0,0.0,0.0
1585,drewla01,2010,ATL,NBA,1,44.0,38.0,6.0,6.0
1586,gentral01,2010,PHO,NBA,1,40.0,42.0,0.0,0.0
1587,hollili01,2010,MEM,NBA,1,46.0,36.0,7.0,6.0
1588,jacksph01,2010,LAL,NBA,1,57.0,25.0,4.0,6.0
1589,johnsav01,2010,NJN,NBA,1,24.0,58.0,0.0,0.0
1590,karlge01,2010,DEN,NBA,1,50.0,32.0,1.0,4.0
1591,kuestjo01,2010,DET,NBA,1,30.0,52.0,0.0,0.0
1592,mcmilna01,2010,POR,NBA,1,48.0,34.0,2.0,4.0
1593,obrieji03,2010,IND,NBA,1,17.0,27.0,0.0,0.0
1594,popovgr01,2010,SAS,NBA,1,61.0,21.0,2.0,4.0
1595,rambiku01,2010,MIN,NBA,1,17.0,65.0,0.0,0.0
1596,riverdo01,2010,BOS,NBA,1,56.0,26.0,5.0,4.0
1597,saundfl01,2010,WAS,NBA,1,23.0,59.0,0.0,0.0
1598,scottby01,2010,CLE,NBA,1,19.0,63.0,0.0,0.0
1599,silaspa01,2010,CHA,NBA,2,25.0,29.0,0.0,0.0
1600,skilesc01,2010,MIL,NBA,1,35.0,47.0,0.0,0.0
1601,sloanje01,2010,UTA,NBA,1,31.0,23.0,0.0,0.0
1602,smartke01,2010,GSW,NBA,1,36.0,46.0,0.0,0.0
1603,spoeler01,2010,MIA,NBA,1,58.0,24.0,14.0,7.0
1604,thiboto01,2010,CHI,NBA,1,62.0,20.0,9.0,7.0
1605,trianja01,2010,TOR,NBA,1,22.0,60.0,0.0,0.0
1606,vangust01,2010,ORL,NBA,1,52.0,30.0,2.0,4.0
1607,vogelfr01,2010,IND,NBA,2,20.0,18.0,1.0,4.0
1608,westppa01,2010,SAC,NBA,1,24.0,58.0,0.0,0.0
1609,willimo01,2010,NOH,NBA,1,46.0,36.0,2.0,4.0
1610,drewla01,2011,ATL,NBA,1,40.0,26.0,2.0,4.0
1611,riverdo01,2011,BOS,NBA,1,39.0,27.0,11.0,9.0
1612,silaspa01,2011,CHA,NBA,1,7.0,59.0,0.0,0.0
1613,thiboto01,2011,CHI,NBA,1,50.0,16.0,2.0,4.0
1614,scottby01,2011,CLE,NBA,1,21.0,45.0,0.0,0.0
1615,carliri01,2011,DAL,NBA,1,36.0,30.0,0.0,4.0
1616,karlge01,2011,DEN,NBA,1,38.0,28.0,3.0,4.0
1617,frankla01,2011,DET,NBA,1,25.0,41.0,0.0,0.0
1618,jacksma01 ,2011,GSW,NBA,1,23.0,43.0,0.0,0.0
1619,mchalke01,2011,HOU,NBA,1,34.0,32.0,0.0,0.0
1620,vogelfr01,2011,IND,NBA,1,42.0,24.0,6.0,5.0
1621,delnevi01,2011,LAC,NBA,1,40.0,26.0,4.0,7.0
1622,brownmi02,2011,LAL,NBA,1,41.0,25.0,5.0,7.0
1623,hollili01,2011,MEM,NBA,1,41.0,25.0,3.0,4.0
1624,spoeler01,2011,MIA,NBA,1,46.0,20.0,16.0,7.0
1625,skilesc01,2011,MIL,NBA,1,31.0,35.0,0.0,0.0
1626,adelmri01,2011,MIN,NBA,1,26.0,40.0,0.0,0.0
1627,johnsav01,2011,NJN,NBA,1,22.0,44.0,0.0,0.0
1628,willimo01,2011,NOH,NBA,1,21.0,45.0,0.0,0.0
1629,dantomi01,2011,NYK,NBA,1,18.0,24.0,0.0,0.0
1630,woodsmi01,2011,NYK,NBA,2,18.0,6.0,1.0,4.0
1631,brooksc01,2011,OKC,NBA,1,47.0,19.0,13.0,7.0
1632,vangust01,2011,ORL,NBA,1,37.0,29.0,1.0,4.0
1633,collido01,2011,PHI,NBA,1,35.0,31.0,7.0,6.0
1634,gentral01,2011,PHO,NBA,1,33.0,33.0,0.0,0.0
1635,mcmilna01,2011,POR,NBA,1,20.0,23.0,0.0,0.0
1636,canalka01,2011,POR,NBA,2,8.0,15.0,0.0,0.0
1637,westppa01,2011,SAC,NBA,1,2.0,5.0,0.0,0.0
1638,smartke01,2011,SAC,NBA,2,20.0,39.0,0.0,0.0
1639,popovgr01,2011,SAS,NBA,1,50.0,16.0,10.0,4.0
1640,caseydw01,2011,TOR,NBA,1,23.0,43.0,0.0,0.0
1641,corbity01,2011,UTA,NBA,1,36.0,30.0,0.0,4.0
1642,saundfl01,2011,WAS,NBA,1,2.0,15.0,0.0,0.0
1643,wittmra01,2011,WAS,NBA,2,18.0,31.0,0.0,0.0
1645,phillan01,1961,CHM,ABL1,1,39.0,44.0,0.0,1.0
1649,sharmbi01,1961,CLP,ABL1,2,19.0,11.0,6.0,4.0
1650,rochare01,1961,HAW,ABL1,1,29.0,53.0,0.0,1.0
1652,mcmahja01,1961,KCS,ABL1,1,54.0,25.0,4.0,4.0
1654,stutzst01,1961,WNY,ABL1,1,31.0,50.0,2.0,1.0
