,player_id,last_name,first_name,season_id,conference,league_id,games_played,minutes,points,o_rebounds,d_rebounds,rebounds,assists,steals,blocks,turnovers,personal_fouls,fg_attempted,fg_made,ft_attempted,ft_made,three_attempted,three_made
18,abdulka01,Abdul-Jabbar,Kareem,1981,West,NBA,1,22,2.0,1.0,2.0,3.0,1.0,3.0,2.0,1.0,3.0,10.0,1.0,0.0,0.0,0.0,0.0
19,abdursh01,A-Rahim,Shareef,2001,East,NBA,1,21,9.0,1.0,5.0,6.0,0.0,0.0,0.0,0.0,2.0,4.0,4.0,0.0,0.0,1.0,1.0
26,allenra02,Allen,Ray,2001,East,NBA,1,25,15.0,1.0,2.0,3.0,5.0,3.0,0.0,1.0,3.0,17.0,6.0,0.0,0.0,10.0,3.0
27,allenra02,Allen,Ray,2000,East,NBA,1,19,15.0,1.0,2.0,3.0,2.0,1.0,1.0,1.0,0.0,15.0,7.0,0.0,0.0,7.0,1.0
28,allenra02,Allen,Ray,1999,East,NBA,1,17,14.0,1.0,0.0,1.0,2.0,3.0,1.0,3.0,2.0,13.0,4.0,6.0,5.0,6.0,1.0
29,allenra02,Allen,Ray,2003,West,NBA,1,23,16.0,2.0,1.0,3.0,4.0,1.0,0.0,3.0,2.0,13.0,6.0,4.0,3.0,4.0,1.0
30,allenra02,Allen,Ray,2008,East,NBA,1,18,8.0,1.0,2.0,3.0,1.0,0.0,0.0,1.0,0.0,10.0,4.0,0.0,0.0,3.0,0.0
31,allenra02,Allen,Ray,2007,East,NBA,1,19,28.0,0.0,2.0,2.0,1.0,2.0,0.0,0.0,0.0,14.0,10.0,5.0,3.0,9.0,5.0
32,allenra02,Allen,Ray,2004,West,NBA,1,22,17.0,0.0,4.0,4.0,1.0,0.0,0.0,1.0,2.0,16.0,6.0,0.0,0.0,11.0,5.0
33,allenra02,Allen,Ray,2005,West,NBA,1,18,8.0,0.0,2.0,2.0,1.0,0.0,0.0,1.0,2.0,13.0,4.0,0.0,0.0,7.0,0.0
34,allenra02,Allen,Ray,2006,West,NBA,1,21,12.0,0.0,1.0,1.0,3.0,1.0,0.0,1.0,0.0,10.0,4.0,0.0,0.0,7.0,4.0
36,anthoca01,Anthony,Carmelo,2009,West,NBA,1,29,27.0,4.0,6.0,10.0,2.0,0.0,0.0,2.0,0.0,22.0,13.0,1.0,0.0,4.0,1.0
37,anthoca01,Anthony,Carmelo,2006,West,NBA,1,25,20.0,3.0,6.0,9.0,1.0,0.0,2.0,1.0,0.0,15.0,10.0,0.0,0.0,0.0,0.0
38,antonca01,Anthony,Carmelo,2007,West,NBA,1,21,18.0,2.0,5.0,7.0,1.0,0.0,0.0,2.0,0.0,17.0,8.0,3.0,2.0,0.0,0.0
44,archina01,Archibald,Nate,1981,East,NBA,1,23,6.0,1.0,1.0,2.0,7.0,1.0,0.0,2.0,3.0,5.0,2.0,2.0,2.0,0.0,0.0
45,arenagi01,Arenas,Gilbert,2006,East,NBA,1,20,8.0,0.0,1.0,1.0,4.0,1.0,0.0,2.0,0.0,8.0,3.0,0.0,0.0,7.0,2.0
46,arenagi01,Arenas,Gilbert,2004,East,NBA,1,14,7.0,1.0,1.0,2.0,2.0,0.0,0.0,0.0,1.0,11.0,3.0,0.0,0.0,3.0,1.0
47,arenagi01,Arenas,Gilbert,2005,East,NBA,1,10,1.0,0.0,0.0,0.0,1.0,1.0,0.0,1.0,1.0,4.0,0.0,2.0,1.0,2.0,0.0
59,artesro01,Artest,Ron,2003,East,NBA,1,17,7.0,1.0,2.0,3.0,3.0,1.0,0.0,1.0,2.0,5.0,3.0,2.0,1.0,1.0,0.0
60,bakervi01,Baker,Vin,1996,East,NBA,1,24,19.0,7.0,5.0,12.0,1.0,0.0,0.0,0.0,2.0,12.0,8.0,4.0,3.0,0.0,0.0
63,bakervi01,Baker,Vin,1997,West,NBA,1,21,8.0,6.0,2.0,8.0,0.0,1.0,0.0,0.0,1.0,12.0,3.0,2.0,2.0,0.0,0.0
76,barnema01,Barnes,Marvin,1974,East,ABA,1,21,16.0,0.0,1.0,1.0,1.0,0.0,0.0,2.0,2.0,13.0,6.0,4.0,4.0,0.0,0.0
113,beatyze01,Beatty,Zelmo,1972,West,ABA,1,15,6.0,0.0,4.0,4.0,1.0,1.0,2.0,1.0,1.0,6.0,3.0,0.0,0.0,0.0,0.0
122,billuch01,Billups,Chauncey,2009,West,NBA,1,26,17.0,0.0,0.0,0.0,5.0,1.0,0.0,2.0,1.0,11.0,6.0,0.0,0.0,8.0,5.0
123,billuch01,Billups,Chauncey,2008,West,NBA,1,19,5.0,0.0,2.0,2.0,3.0,1.0,0.0,3.0,2.0,5.0,2.0,0.0,0.0,3.0,1.0
124,billuch01,Billups,Chauncey,2005,East,NBA,1,16,15.0,0.0,4.0,4.0,7.0,0.0,0.0,2.0,1.0,10.0,6.0,1.0,1.0,5.0,2.0
125,billuch01,Billups,Chauncey,2006,East,NBA,1,16,8.0,1.0,3.0,4.0,6.0,0.0,0.0,0.0,0.0,8.0,3.0,2.0,2.0,3.0,0.0
126,billuch01,Billups,Chauncey,2007,East,NBA,1,18,6.0,0.0,1.0,1.0,4.0,0.0,0.0,1.0,1.0,10.0,3.0,1.0,0.0,6.0,0.0
145,birdla01,Bird,Larry,1981,East,NBA,1,28,19.0,0.0,12.0,12.0,5.0,1.0,1.0,4.0,3.0,12.0,7.0,8.0,5.0,0.0,0.0
157,boonero01,Boone,Ron,1973,West,ABA,1,24,15.0,3.0,0.0,3.0,5.0,1.0,0.0,0.0,1.0,13.0,7.0,0.0,0.0,2.0,1.0
158,boonero01,Boone,Ron,1974,West,ABA,1,23,10.0,0.0,2.0,2.0,2.0,1.0,2.0,2.0,4.0,8.0,4.0,2.0,2.0,0.0,0.0
161,boozeca01,Boozer,Carlos,2007,West,NBA,1,18,14.0,4.0,6.0,10.0,0.0,0.0,0.0,1.0,0.0,15.0,7.0,2.0,0.0,0.0,0.0
163,boshch01,Bosh,Chris,2009,East,NBA,1,29,23.0,2.0,8.0,10.0,1.0,2.0,0.0,3.0,0.0,16.0,9.0,7.0,5.0,0.0,0.0
164,boshch01,Bosh,Chris,2007,East,NBA,1,21,14.0,2.0,5.0,7.0,1.0,0.0,0.0,1.0,1.0,15.0,7.0,2.0,0.0,0.0,0.0
165,boshch01,Bosh,Chris,2006,East,NBA,1,22,11.0,3.0,4.0,7.0,1.0,0.0,0.0,0.0,0.0,7.0,5.0,1.0,1.0,0.0,0.0
166,boshch01,Bosh,Chris,2005,East,NBA,1,17,8.0,2.0,6.0,8.0,2.0,0.0,0.0,1.0,1.0,7.0,3.0,3.0,2.0,0.0,0.0
168,brandel01,Brand,Elton,2001,West,NBA,1,19,6.0,5.0,5.0,10.0,1.0,0.0,1.0,2.0,2.0,5.0,3.0,0.0,0.0,0.0,0.0
169,brandel01,Brand,Elton,2005,West,NBA,1,17,12.0,3.0,4.0,7.0,0.0,1.0,0.0,3.0,2.0,11.0,6.0,0.0,0.0,0.0,0.0
170,brandte01,Brandon,Terrell,1996,East,NBA,1,17,10.0,1.0,2.0,3.0,8.0,2.0,0.0,0.0,2.0,11.0,4.0,0.0,0.0,4.0,2.0
193,bryanko01,Bryant,Kobe,2008,West,NBA,1,29,27.0,1.0,3.0,4.0,4.0,4.0,0.0,1.0,0.0,23.0,12.0,0.0,0.0,8.0,3.0
194,bryanko01,Bryant,Kobe,2003,West,NBA,1,36,20.0,1.0,3.0,4.0,4.0,5.0,1.0,6.0,3.0,12.0,9.0,1.0,0.0,3.0,2.0
195,bryanko01,Bryant,Kobe,2002,West,NBA,1,36,22.0,2.0,5.0,7.0,6.0,3.0,2.0,5.0,5.0,17.0,8.0,6.0,3.0,5.0,3.0
196,bryanko01,Bryant,Kobe,2001,West,NBA,1,30,31.0,2.0,3.0,5.0,5.0,1.0,0.0,0.0,2.0,25.0,12.0,7.0,7.0,4.0,0.0
197,bryanko01,Bryant,Kobe,2000,West,NBA,1,30,19.0,2.0,2.0,4.0,7.0,1.0,0.0,3.0,3.0,17.0,9.0,0.0,0.0,2.0,1.0
198,bryanko01,Bryant,Kobe,1999,West,NBA,1,28,15.0,1.0,0.0,1.0,3.0,2.0,0.0,1.0,3.0,16.0,7.0,0.0,0.0,4.0,1.0
199,bryanko01,Bryant,Kobe,1997,West,NBA,1,22,18.0,2.0,4.0,6.0,1.0,2.0,0.0,1.0,1.0,16.0,7.0,2.0,2.0,3.0,2.0
200,bryanko01,Bryant,Kobe,2005,West,NBA,1,26,8.0,0.0,7.0,7.0,8.0,3.0,0.0,3.0,5.0,11.0,4.0,0.0,0.0,5.0,0.0
201,bryanko01,Bryant,Kobe,2004,West,NBA,1,29,16.0,3.0,3.0,6.0,7.0,3.0,1.0,4.0,5.0,14.0,7.0,0.0,0.0,5.0,2.0
202,bryanko01,Bryant,Kobe,2006,West,NBA,1,28,31.0,1.0,4.0,5.0,6.0,4.0,1.0,6.0,0.0,24.0,13.0,2.0,2.0,9.0,3.0
203,bryanko01,Bryant,Kobe,2007,West,NBA,1,3,0.0,1.0,0.0,1.0,0.0,0.0,0.0,0.0,0.0,0.0,0.0,0.0,0.0,0.0,0.0
207,butleca01,Butler,Caron,2006,East,NBA,1,16,2.0,3.0,1.0,4.0,1.0,1.0,0.0,0.0,0.0,7.0,1.0,0.0,0.0,0.0,0.0
211,caldwjo01,Caldwell,Joe,1972,East,ABA,1,23,7.0,0.0,5.0,5.0,2.0,1.0,1.0,7.0,2.0,5.0,3.0,1.0,1.0,0.0,0.0
214,calvima01,Calvin,Mack,1972,East,ABA,1,23,13.0,2.0,0.0,2.0,8.0,1.0,0.0,4.0,5.0,8.0,3.0,7.0,7.0,0.0,0.0
215,calvima01,Calvin,Mack,1973,East,ABA,1,27,8.0,0.0,2.0,2.0,11.0,1.0,0.0,3.0,3.0,10.0,3.0,3.0,2.0,0.0,0.0
216,calvima01,Calvin,Mack,1974,West,ABA,1,28,17.0,1.0,2.0,3.0,7.0,1.0,0.0,4.0,2.0,16.0,4.0,10.0,9.0,1.0,0.0
223,cartevi01,Carter,Vince,2003,East,NBA,1,16,11.0,1.0,1.0,2.0,0.0,2.0,0.0,2.0,1.0,7.0,5.0,0.0,0.0,3.0,1.0
224,cartevi01,Carter,Vince,2002,East,NBA,1,25,9.0,1.0,0.0,1.0,2.0,0.0,0.0,1.0,1.0,9.0,4.0,0.0,0.0,1.0,1.0
226,cartevi01,Carter,Vince,2000,East,NBA,1,24,16.0,1.0,2.0,3.0,4.0,1.0,1.0,3.0,1.0,18.0,7.0,1.0,1.0,4.0,1.0
227,cartevi01,Carter,Vince,1999,East,NBA,1,28,12.0,2.0,2.0,4.0,2.0,2.0,0.0,2.0,0.0,11.0,6.0,0.0,0.0,2.0,0.0
228,cartevi01,Carter,Vince,2004,East,NBA,1,18,11.0,0.0,3.0,3.0,1.0,0.0,0.0,2.0,0.0,8.0,4.0,0.0,0.0,5.0,3.0
229,cartevi01,Carter,Vince,2005,East,NBA,1,18,5.0,1.0,3.0,4.0,2.0,1.0,0.0,2.0,3.0,5.0,2.0,2.0,1.0,0.0,0.0
230,cartevi01,Carter,Vince,2006,East,NBA,1,16,7.0,0.0,1.0,1.0,2.0,1.0,0.0,0.0,0.0,7.0,3.0,2.0,1.0,1.0,0.0
232,cassesa01,Cassell,Sam,2003,West,NBA,1,13,4.0,0.0,1.0,1.0,7.0,1.0,0.0,1.0,0.0,3.0,2.0,0.0,0.0,0.0,0.0
303,cunnibi01,Cunningham,Billy,1972,East,ABA,1,20,18.0,0.0,6.0,6.0,4.0,1.0,0.0,3.0,6.0,12.0,9.0,0.0,0.0,1.0,0.0
308,dampilo01,Dampier,Louie,1972,East,ABA,1,23,10.0,0.0,1.0,1.0,0.0,0.0,0.0,1.0,3.0,13.0,5.0,0.0,0.0,1.0,0.0
309,dampilo01,Dampier,Louie,1973,East,ABA,1,23,16.0,0.0,2.0,2.0,1.0,0.0,0.0,2.0,0.0,12.0,8.0,0.0,0.0,0.0,0.0
310,dampilo01,Dampier,Louie,1974,East,ABA,1,27,11.0,0.0,3.0,3.0,1.0,2.0,0.0,2.0,4.0,8.0,5.0,0.0,0.0,2.0,1.0
320,danieme01,Daniels,Mel,1972,West,ABA,1,33,25.0,4.0,7.0,11.0,1.0,0.0,2.0,3.0,3.0,19.0,8.0,12.0,9.0,0.0,0.0
321,danieme01,Daniels,Mel,1973,West,ABA,1,20,5.0,3.0,4.0,7.0,0.0,0.0,1.0,4.0,2.0,11.0,2.0,2.0,1.0,0.0,0.0
327,dantlad01,Dantley,Adrian,1981,West,NBA,1,21,12.0,1.0,1.0,2.0,0.0,2.0,0.0,1.0,2.0,8.0,6.0,1.0,0.0,0.0,0.0
337,davisan01,Davis,Antonio,2000,East,NBA,1,20,8.0,7.0,2.0,9.0,0.0,1.0,1.0,0.0,0.0,11.0,4.0,0.0,0.0,0.0,0.0
338,davisba01,Davis,Baron,2001,East,NBA,1,13,2.0,0.0,1.0,1.0,5.0,0.0,0.0,3.0,1.0,4.0,1.0,0.0,0.0,2.0,0.0
339,davisba01,Davis,Baron,2003,East,NBA,1,16,7.0,0.0,0.0,0.0,7.0,1.0,0.0,1.0,0.0,9.0,3.0,0.0,0.0,6.0,1.0
340,davisda01,Davis,Dale,1999,East,NBA,1,14,4.0,3.0,5.0,8.0,1.0,0.0,0.0,0.0,0.0,3.0,2.0,0.0,0.0,0.0,0.0
360,divacvl01,Divac,Vlade,2000,West,NBA,1,9,8.0,1.0,2.0,3.0,1.0,2.0,0.0,1.0,0.0,6.0,4.0,0.0,0.0,1.0,0.0
378,dumarjo01,Dumars,Joe,1996,East,NBA,1,10,3.0,0.0,1.0,1.0,1.0,0.0,0.0,0.0,0.0,4.0,1.0,0.0,0.0,4.0,1.0
384,duncati01,Duncan,Tim,2003,West,NBA,1,26,14.0,2.0,11.0,13.0,5.0,1.0,0.0,2.0,2.0,11.0,6.0,4.0,2.0,0.0,0.0
385,duncati01,Duncan,Tim,2002,West,NBA,1,40,19.0,5.0,10.0,15.0,4.0,1.0,0.0,3.0,2.0,18.0,8.0,3.0,3.0,0.0,0.0
386,duncati01,Duncan,Tim,2001,West,NBA,1,29,14.0,3.0,11.0,14.0,2.0,0.0,2.0,3.0,1.0,11.0,7.0,0.0,0.0,0.0,0.0
387,duncati01,Duncan,Tim,2000,West,NBA,1,28,14.0,4.0,10.0,14.0,1.0,2.0,1.0,2.0,1.0,11.0,5.0,4.0,4.0,0.0,0.0
388,duncati01,Duncan,Tim,1999,West,NBA,1,33,24.0,7.0,7.0,14.0,4.0,1.0,1.0,2.0,3.0,14.0,12.0,0.0,0.0,0.0,0.0
389,duncati01,Duncan,Tim,1997,West,NBA,1,14,2.0,1.0,10.0,11.0,1.0,0.0,0.0,2.0,0.0,4.0,1.0,0.0,0.0,1.0,0.0
390,duncati01,Duncan,Tim,2009,West,NBA,1,13,3.0,1.0,3.0,4.0,0.0,2.0,0.0,3.0,1.0,4.0,1.0,2.0,1.0,0.0,0.0
391,duncati01,Duncan,Tim,2008,West,NBA,1,18,6.0,0.0,3.0,3.0,2.0,1.0,1.0,2.0,1.0,5.0,3.0,0.0,0.0,0.0,0.0
392,duncati01,Duncan,Tim,2007,West,NBA,1,22,4.0,5.0,4.0,9.0,1.0,1.0,1.0,4.0,1.0,7.0,2.0,0.0,0.0,1.0,0.0
393,duncati01,Duncan,Tim,2005,West,NBA,1,21,15.0,6.0,4.0,10.0,1.0,1.0,1.0,5.0,2.0,7.0,6.0,3.0,3.0,0.0,0.0
394,duncati01,Duncan,Tim,2004,West,NBA,1,17,15.0,2.0,7.0,9.0,2.0,0.0,0.0,2.0,0.0,10.0,7.0,1.0,0.0,1.0,1.0
395,duncati01,Duncan,Tim,2006,West,NBA,1,15,4.0,0.0,5.0,5.0,4.0,0.0,1.0,1.0,1.0,3.0,2.0,0.0,0.0,0.0,0.0
396,duranke01,Durant,Kevin,2009,West,NBA,1,20,15.0,1.0,4.0,5.0,0.0,0.0,0.0,2.0,0.0,14.0,7.0,0.0,0.0,3.0,1.0
397,eakinji01,Eakins,Jim,1973,East,ABA,1,21,2.0,0.0,4.0,4.0,4.0,2.0,3.0,0.0,2.0,4.0,1.0,0.0,0.0,0.0,0.0
416,englial01,English,Alex,1981,West,NBA,1,12,4.0,2.0,3.0,5.0,1.0,2.0,0.0,1.0,2.0,6.0,2.0,0.0,0.0,0.0,0.0
427,ervinju01,Erving,Julius,1981,East,NBA,1,32,16.0,3.0,5.0,8.0,2.0,1.0,2.0,4.0,4.0,16.0,7.0,4.0,2.0,0.0,0.0
429,ervinju01,Erving,Julius,1972,East,ABA,1,30,22.0,1.0,4.0,5.0,1.0,0.0,1.0,0.0,4.0,16.0,8.0,8.0,6.0,0.0,0.0
430,ervinju01,Erving,Julius,1973,East,ABA,1,27,14.0,5.0,6.0,11.0,8.0,0.0,3.0,4.0,1.0,15.0,6.0,2.0,2.0,0.0,0.0
431,ervinju01,Erving,Julius,1974,East,ABA,1,27,21.0,3.0,4.0,7.0,7.0,2.0,1.0,3.0,4.0,12.0,6.0,10.0,8.0,1.0,1.0
445,finlemi01,Finley,Michael,2000,West,NBA,1,19,12.0,2.0,1.0,3.0,5.0,0.0,0.0,1.0,0.0,15.0,5.0,2.0,2.0,2.0,0.0
446,finlemi01,Finley,Michael,1999,West,NBA,1,10,11.0,0.0,1.0,1.0,0.0,0.0,0.0,1.0,0.0,6.0,5.0,0.0,0.0,2.0,1.0
457,francst01,Francis,Steve,2003,West,NBA,1,23,13.0,1.0,3.0,4.0,4.0,0.0,0.0,1.0,1.0,9.0,6.0,0.0,0.0,2.0,1.0
458,francst01,Francis,Steve,2002,West,NBA,1,32,20.0,1.0,1.0,2.0,9.0,0.0,0.0,3.0,1.0,12.0,9.0,0.0,0.0,3.0,2.0
459,francst01,Francis,Steve,2001,West,NBA,1,18,3.0,1.0,1.0,2.0,3.0,2.0,0.0,2.0,1.0,8.0,1.0,2.0,1.0,1.0,0.0
487,garneke01,Garnett,Kevin,2003,West,NBA,1,29,12.0,3.0,4.0,7.0,6.0,2.0,1.0,1.0,0.0,14.0,6.0,0.0,0.0,1.0,0.0
488,garneke01,Garnett,Kevin,2002,West,NBA,1,41,37.0,1.0,8.0,9.0,3.0,5.0,1.0,4.0,3.0,24.0,17.0,3.0,3.0,0.0,0.0
489,garneke01,Garnett,Kevin,2001,West,NBA,1,24,14.0,6.0,6.0,12.0,2.0,2.0,0.0,0.0,1.0,15.0,7.0,0.0,0.0,1.0,0.0
490,garneke01,Garnett,Kevin,2000,West,NBA,1,27,14.0,1.0,3.0,4.0,4.0,1.0,3.0,2.0,0.0,12.0,7.0,0.0,0.0,0.0,0.0
491,garneke01,Garnett,Kevin,1999,West,NBA,1,35,24.0,3.0,7.0,10.0,5.0,1.0,1.0,0.0,1.0,19.0,10.0,4.0,4.0,1.0,0.0
492,garneke01,Garnett,Kevin,1997,West,NBA,1,21,12.0,1.0,3.0,4.0,2.0,2.0,1.0,3.0,0.0,11.0,6.0,0.0,0.0,1.0,0.0
493,garneke01,Garnett,Kevin,1996,West,NBA,1,18,6.0,1.0,8.0,9.0,1.0,0.0,1.0,0.0,2.0,7.0,1.0,4.0,4.0,0.0,0.0
494,garneke01,Garnett,Kevin,2009,East,NBA,1,13,4.0,0.0,3.0,3.0,2.0,0.0,1.0,2.0,0.0,4.0,2.0,0.0,0.0,0.0,0.0
495,garneke01,Garnett,Kevin,2008,East,NBA,1,19,12.0,2.0,2.0,4.0,2.0,0.0,0.0,2.0,0.0,5.0,5.0,2.0,2.0,0.0,0.0
496,garneke01,Garnett,Kevin,2005,West,NBA,1,16,2.0,2.0,7.0,9.0,4.0,1.0,0.0,2.0,1.0,9.0,1.0,0.0,0.0,0.0,0.0
497,garneke01,Garnett,Kevin,2006,West,NBA,1,14,7.0,4.0,2.0,6.0,4.0,1.0,0.0,2.0,1.0,8.0,3.0,2.0,1.0,0.0,0.0
498,garneke01,Garnett,Kevin,2004,West,NBA,1,16,10.0,0.0,3.0,3.0,2.0,0.0,0.0,2.0,2.0,8.0,5.0,1.0,0.0,0.0,0.0
499,gasolpa01,Gasol,Pau,2005,West,NBA,1,14,0.0,6.0,6.0,12.0,1.0,0.0,0.0,1.0,1.0,3.0,0.0,0.0,0.0,0.0,0.0
500,gasolpa01,Gasol,Pau,2008,West,NBA,1,17,14.0,2.0,6.0,8.0,1.0,1.0,1.0,0.0,2.0,7.0,5.0,4.0,4.0,0.0,0.0
501,gasolpa01,Gasol,Pau,2009,West,NBA,1,20,13.0,2.0,4.0,6.0,0.0,1.0,0.0,0.0,3.0,9.0,5.0,3.0,3.0,0.0,0.0
502,gatlich01,Gatling,Chris,1996,West,NBA,1,12,2.0,0.0,2.0,2.0,0.0,1.0,0.0,0.0,1.0,8.0,1.0,0.0,0.0,0.0,0.0
506,gervige01,Gervin,George,1973,East,ABA,1,21,9.0,1.0,4.0,5.0,3.0,0.0,0.0,2.0,1.0,9.0,3.0,4.0,3.0,1.0,0.0
507,gervige01,Gervin,George,1974,West,ABA,1,30,23.0,2.0,4.0,6.0,3.0,6.0,5.0,2.0,2.0,15.0,8.0,8.0,7.0,1.0,0.0
517,gervige01,Gervin,George,1981,West,NBA,1,27,12.0,1.0,5.0,6.0,1.0,3.0,3.0,0.0,3.0,14.0,5.0,2.0,2.0,0.0,0.0
518,gilmoar01,Gilmore,Artis,1981,East,NBA,1,16,7.0,1.0,2.0,3.0,2.0,0.0,1.0,2.0,4.0,6.0,3.0,1.0,1.0,0.0,0.0
525,gilmoar01,Gilmore,Artis,1972,East,ABA,1,31,10.0,5.0,11.0,16.0,0.0,0.0,2.0,6.0,5.0,8.0,3.0,8.0,4.0,0.0,0.0
526,gilmoar01,Gilmore,Artis,1973,East,ABA,1,27,18.0,6.0,7.0,13.0,1.0,1.0,4.0,3.0,4.0,12.0,8.0,3.0,2.0,0.0,0.0
527,gilmoar01,Gilmore,Artis,1974,East,ABA,1,28,11.0,2.0,11.0,13.0,2.0,1.0,1.0,4.0,3.0,8.0,4.0,7.0,3.0,0.0,0.0
529,ginobma01,Ginobili,Manu,2004,West,NBA,1,22,8.0,2.0,1.0,3.0,1.0,1.0,1.0,3.0,3.0,6.0,3.0,2.0,2.0,2.0,0.0
541,grangda01,Granger,Danny,2008,East,NBA,1,11,2.0,1.0,0.0,1.0,0.0,2.0,0.0,1.0,0.0,1.0,1.0,0.0,0.0,0.0,0.0
548,greenmi01,Green,Mike,1974,West,ABA,1,18,6.0,0.0,3.0,3.0,0.0,0.0,0.0,1.0,4.0,6.0,3.0,0.0,0.0,0.0,0.0
567,guglito01,Gugliotta,Tom,1996,West,NBA,1,19,9.0,1.0,7.0,8.0,3.0,2.0,0.0,3.0,3.0,7.0,3.0,4.0,3.0,1.0,0.0
574,hamilri01,Hamilton,Richard,2005,East,NBA,1,13,6.0,0.0,0.0,0.0,1.0,0.0,0.0,1.0,1.0,7.0,3.0,0.0,0.0,0.0,0.0
575,hamilri01,Hamilton,Richard,2006,East,NBA,1,15,8.0,2.0,4.0,6.0,1.0,2.0,1.0,0.0,0.0,8.0,4.0,0.0,0.0,1.0,0.0
576,hamilri01,Hamilton,Richard,2007,East,NBA,1,18,9.0,0.0,0.0,0.0,2.0,0.0,0.0,0.0,0.0,9.0,4.0,0.0,0.0,1.0,1.0
577,hardaan01,Hardaway,Anfernee,1996,East,NBA,1,24,19.0,4.0,3.0,7.0,3.0,2.0,0.0,1.0,2.0,10.0,7.0,2.0,2.0,5.0,3.0
578,hardaan01,Hardaway,Anfernee,1997,East,NBA,1,12,6.0,0.0,0.0,0.0,3.0,0.0,0.0,1.0,0.0,5.0,3.0,0.0,0.0,1.0,0.0
583,hardati01,Hardaway,Tim,1997,East,NBA,1,17,8.0,0.0,1.0,1.0,6.0,0.0,0.0,6.0,0.0,8.0,3.0,0.0,0.0,5.0,2.0
584,hardati01,Hardaway,Tim,1996,East,NBA,1,14,10.0,0.0,3.0,3.0,2.0,1.0,0.0,2.0,1.0,10.0,4.0,0.0,0.0,6.0,2.0
587,harride01,Harris,Devin,2008,East,NBA,1,17,6.0,1.0,0.0,1.0,0.0,0.0,0.0,0.0,0.0,6.0,3.0,0.0,0.0,1.0,0.0
633,hillgr01,Hill,Grant,1999,East,NBA,1,19,7.0,0.0,3.0,3.0,5.0,1.0,0.0,3.0,0.0,7.0,3.0,1.0,1.0,1.0,0.0
634,hillgr01,Hill,Grant,1997,East,NBA,1,28,15.0,0.0,3.0,3.0,5.0,1.0,0.0,0.0,1.0,11.0,7.0,0.0,0.0,1.0,1.0
635,hillgr01,Hill,Grant,1996,East,NBA,1,22,11.0,2.0,1.0,3.0,2.0,1.0,1.0,3.0,2.0,7.0,4.0,4.0,3.0,0.0,0.0
638,hillgr01,Hill,Grant,2004,East,NBA,1,17,6.0,1.0,2.0,3.0,2.0,1.0,0.0,1.0,1.0,6.0,3.0,0.0,0.0,0.0,0.0
641,horfoal01,Horford,Al,2009,East,NBA,1,14,8.0,0.0,4.0,4.0,2.0,1.0,1.0,0.0,1.0,5.0,4.0,1.0,0.0,0.0,0.0
643,houstal01,Houston,Allan,2000,East,NBA,1,15,5.0,0.0,3.0,3.0,3.0,0.0,0.0,1.0,0.0,5.0,2.0,0.0,0.0,2.0,1.0
644,houstal01,Houston,Allan,1999,East,NBA,1,18,11.0,0.0,0.0,0.0,2.0,1.0,0.0,1.0,1.0,10.0,3.0,4.0,4.0,3.0,1.0
645,howardw01,Howard,Dwight,2009,East,NBA,1,27,17.0,0.0,5.0,5.0,1.0,0.0,3.0,1.0,4.0,10.0,7.0,3.0,2.0,2.0,1.0
646,howardw01,Howard,Dwight,2008,East,NBA,1,28,13.0,3.0,6.0,9.0,0.0,1.0,3.0,1.0,3.0,11.0,5.0,5.0,3.0,2.0,0.0
647,howardw01,Howard,Dwight,2006,East,NBA,1,21,20.0,7.0,5.0,12.0,1.0,3.0,0.0,0.0,1.0,14.0,10.0,5.0,0.0,0.0,0.0
648,howardw01,Howard,Dwight,2007,East,NBA,1,30,16.0,5.0,4.0,9.0,3.0,3.0,1.0,1.0,4.0,7.0,7.0,3.0,2.0,0.0,0.0
649,howarjo01,Howard,Josh,2006,West,NBA,1,20,3.0,1.0,3.0,4.0,3.0,1.0,1.0,0.0,0.0,3.0,1.0,2.0,1.0,1.0,0.0
671,ilgauzy01,Ilgauskas,Zydrunas,2002,East,NBA,1,4,0.0,0.0,0.0,0.0,0.0,0.0,0.0,1.0,1.0,1.0,0.0,0.0,0.0,0.0,0.0
672,ilgauzy01,Ilgauskas,Zydrunas,2004,East,NBA,1,17,12.0,3.0,4.0,7.0,1.0,0.0,2.0,1.0,2.0,8.0,5.0,2.0,2.0,0.0,0.0
677,isselda01,Issel,Dan,1972,East,ABA,1,29,14.0,3.0,4.0,7.0,4.0,0.0,0.0,0.0,0.0,14.0,6.0,2.0,2.0,0.0,0.0
678,isselda01,Issel,Dan,1973,East,ABA,1,26,21.0,2.0,2.0,4.0,1.0,1.0,1.0,1.0,1.0,15.0,10.0,1.0,1.0,0.0,0.0
679,isselda01,Issel,Dan,1974,East,ABA,1,20,7.0,2.0,5.0,7.0,1.0,0.0,0.0,2.0,4.0,6.0,3.0,2.0,1.0,0.0,0.0
681,iversal01,Iverson,Allen,2008,East,NBA,1,16,2.0,0.0,1.0,1.0,3.0,1.0,0.0,1.0,1.0,4.0,1.0,0.0,0.0,0.0,0.0
682,iversal01,Iverson,Allen,2003,East,NBA,1,23,3.0,0.0,1.0,1.0,11.0,0.0,0.0,4.0,3.0,6.0,1.0,4.0,1.0,0.0,0.0
683,iversal01,Iverson,Allen,2002,East,NBA,1,41,35.0,3.0,2.0,5.0,7.0,5.0,0.0,6.0,2.0,23.0,13.0,9.0,8.0,3.0,1.0
684,iversal01,Iverson,Allen,2001,East,NBA,1,25,5.0,1.0,3.0,4.0,3.0,0.0,0.0,2.0,0.0,9.0,2.0,2.0,1.0,0.0,0.0
685,iversal01,Iverson,Allen,2000,East,NBA,1,27,25.0,0.0,2.0,2.0,5.0,4.0,0.0,4.0,0.0,21.0,9.0,6.0,6.0,1.0,1.0
686,iversal01,Iverson,Allen,1999,East,NBA,1,28,26.0,2.0,0.0,2.0,9.0,2.0,0.0,5.0,0.0,18.0,10.0,5.0,4.0,2.0,2.0
687,iversal01,Iverson,Allen,2005,East,NBA,1,26,12.0,0.0,2.0,2.0,2.0,0.0,0.0,3.0,0.0,14.0,5.0,4.0,2.0,0.0,0.0
688,iversal01,Iverson,Allen,2004,East,NBA,1,32,15.0,0.0,4.0,4.0,9.0,5.0,0.0,7.0,0.0,13.0,4.0,7.0,7.0,0.0,0.0
689,iversal01,Iverson,Allen,2007,West,NBA,1,20,7.0,1.0,1.0,2.0,6.0,4.0,1.0,6.0,0.0,7.0,3.0,2.0,1.0,0.0,0.0
692,jabalwa01,Jabali,Warren,1972,West,ABA,1,31,16.0,2.0,2.0,4.0,7.0,3.0,0.0,1.0,2.0,12.0,7.0,3.0,1.0,1.0,1.0
693,jabalwa01,Jabali,Warren,1973,West,ABA,1,24,6.0,1.0,1.0,2.0,3.0,1.0,0.0,4.0,2.0,15.0,3.0,1.0,0.0,5.0,0.0
698,jamesle01,James,LeBron,2008,East,NBA,1,27,20.0,0.0,5.0,5.0,3.0,0.0,0.0,3.0,0.0,19.0,8.0,2.0,2.0,5.0,2.0
699,jamesle01,James,LeBron,2009,East,NBA,1,32,25.0,1.0,4.0,5.0,6.0,4.0,0.0,2.0,1.0,22.0,10.0,4.0,4.0,6.0,1.0
700,jamesle01,James,LeBron,2007,East,NBA,1,30,27.0,1.0,7.0,8.0,9.0,2.0,2.0,4.0,3.0,22.0,12.0,1.0,1.0,7.0,2.0
701,jamesle01,James,LeBron,2005,East,NBA,1,31,29.0,2.0,4.0,6.0,2.0,2.0,0.0,1.0,2.0,21.0,12.0,5.0,1.0,10.0,4.0
702,jamesle01,James,LeBron,2004,East,NBA,1,31,13.0,1.0,7.0,8.0,6.0,2.0,0.0,3.0,0.0,13.0,6.0,1.0,0.0,4.0,1.0
703,jamesle01,James,LeBron,2006,East,NBA,1,32,28.0,0.0,6.0,6.0,6.0,4.0,0.0,1.0,0.0,20.0,11.0,2.0,2.0,8.0,4.0
704,jamisan01,Jamison,Antawn,2004,East,NBA,1,13,5.0,1.0,3.0,4.0,1.0,0.0,0.0,0.0,0.0,5.0,2.0,0.0,0.0,1.0,1.0
705,jamisan01,Jamison,Antawn,2007,East,NBA,1,12,2.0,1.0,0.0,1.0,0.0,0.0,1.0,2.0,0.0,3.0,1.0,0.0,0.0,2.0,0.0
706,johnsde01,Johnson,Dennis,1981,West,NBA,1,15,1.0,2.0,3.0,5.0,1.0,1.0,2.0,3.0,1.0,2.0,0.0,2.0,1.0,0.0,0.0
720,johnsjo02,Johnson,Joe,2009,East,NBA,1,18,10.0,0.0,1.0,1.0,1.0,2.0,0.0,0.0,0.0,8.0,4.0,0.0,0.0,5.0,2.0
721,johnsjo02,Johnson,Joe,2008,East,NBA,1,22,0.0,0.0,0.0,0.0,0.0,0.0,0.0,5.0,0.0,4.0,0.0,0.0,0.0,3.0,0.0
722,johnsjo02,Johnson,Joe,2007,East,NBA,1,13,3.0,0.0,0.0,0.0,2.0,1.0,0.0,1.0,1.0,2.0,1.0,0.0,0.0,1.0,1.0
723,johnsjo02,Johnson,Joe,2006,East,NBA,1,18,12.0,0.0,1.0,1.0,2.0,1.0,1.0,1.0,0.0,9.0,5.0,0.0,0.0,5.0,2.0
742,johnsma01,Johnson,Magic,1981,West,NBA,1,23,16.0,3.0,1.0,4.0,7.0,5.0,0.0,1.0,5.0,9.0,5.0,7.0,6.0,0.0,0.0
753,johnsst03,Johnson,Stew,1972,West,ABA,1,11,2.0,0.0,1.0,1.0,0.0,0.0,0.0,0.0,2.0,3.0,1.0,0.0,0.0,0.0,0.0
754,johnsst03,Johnson,Stew,1973,West,ABA,1,22,8.0,2.0,2.0,4.0,0.0,0.0,0.0,1.0,2.0,9.0,3.0,2.0,2.0,2.0,0.0
755,johnsst03,Johnson,Stew,1974,East,ABA,1,14,8.0,1.0,2.0,3.0,2.0,1.0,0.0,0.0,2.0,11.0,4.0,0.0,0.0,1.0,0.0
760,jonesbo01,Jones,Bobby,1981,East,NBA,1,14,5.0,1.0,3.0,4.0,1.0,1.0,0.0,0.0,2.0,5.0,2.0,2.0,1.0,0.0,0.0
761,jonesca01,Jones,Caldwell,1974,West,ABA,1,15,5.0,2.0,2.0,4.0,0.0,0.0,1.0,3.0,4.0,4.0,2.0,1.0,1.0,0.0,0.0
762,jonesed01,Jones,Eddie,1999,East,NBA,1,21,10.0,1.0,3.0,4.0,3.0,1.0,0.0,1.0,1.0,7.0,4.0,0.0,0.0,3.0,2.0
763,jonesed01,Jones,Eddie,1997,West,NBA,1,25,15.0,7.0,4.0,11.0,1.0,2.0,0.0,0.0,1.0,19.0,7.0,2.0,1.0,7.0,0.0
764,jonesed01,Jones,Eddie,1996,West,NBA,1,17,10.0,1.0,0.0,1.0,1.0,1.0,2.0,3.0,1.0,4.0,3.0,7.0,4.0,1.0,0.0
769,jonesji01,Jones,Jimmy,1972,West,ABA,1,36,14.0,1.0,4.0,5.0,4.0,1.0,0.0,4.0,2.0,10.0,6.0,2.0,2.0,2.0,0.0
770,jonesji01,Jones,Jimmy,1973,West,ABA,1,25,11.0,1.0,3.0,4.0,2.0,0.0,0.0,0.0,1.0,6.0,4.0,5.0,3.0,0.0,0.0
775,jonesri01,Jones,Rich,1972,West,ABA,1,14,0.0,0.0,4.0,4.0,1.0,0.0,0.0,3.0,1.0,8.0,0.0,0.0,0.0,0.0,0.0
776,jonesri01,Jones,Rich,1973,West,ABA,1,19,4.0,4.0,4.0,8.0,2.0,0.0,1.0,1.0,4.0,11.0,2.0,0.0,0.0,1.0,0.0
786,jordami01,Jordan,Michael,1997,East,NBA,1,32,23.0,1.0,5.0,6.0,8.0,3.0,0.0,2.0,0.0,18.0,10.0,3.0,2.0,1.0,1.0
787,jordami01,Jordan,Michael,1996,East,NBA,1,26,14.0,3.0,8.0,11.0,11.0,2.0,0.0,3.0,4.0,14.0,5.0,7.0,4.0,0.0,0.0
798,jordami01,Jordan,Michael,2002,East,NBA,1,36,20.0,2.0,3.0,5.0,2.0,2.0,0.0,2.0,3.0,27.0,9.0,2.0,2.0,2.0,0.0
799,jordami01,Jordan,Michael,2001,East,NBA,1,22,8.0,0.0,4.0,4.0,3.0,2.0,0.0,1.0,1.0,13.0,4.0,0.0,0.0,0.0,0.0
800,kamanch01,Kaman,Chris,2009,West,NBA,1,11,4.0,2.0,1.0,3.0,1.0,0.0,0.0,1.0,0.0,4.0,2.0,0.0,0.0,0.0,0.0
804,kempsh01,Kemp,Shawn,1997,East,NBA,1,25,12.0,2.0,9.0,11.0,2.0,4.0,0.0,4.0,2.0,10.0,5.0,2.0,2.0,1.0,0.0
805,kempsh01,Kemp,Shawn,1996,West,NBA,1,19,10.0,1.0,3.0,4.0,1.0,1.0,0.0,1.0,1.0,7.0,4.0,2.0,1.0,1.0,0.0
812,kenonla01,Kenon,Larry,1973,East,ABA,1,22,18.0,1.0,5.0,6.0,0.0,0.0,0.0,3.0,1.0,12.0,8.0,3.0,2.0,0.0,0.0
813,kenonla01,Kenon,Larry,1974,East,ABA,1,16,12.0,0.0,4.0,4.0,1.0,0.0,0.0,1.0,0.0,11.0,6.0,0.0,0.0,0.0,0.0
819,kiddja01,Kidd,Jason,2009,West,NBA,1,6,0.0,0.0,2.0,2.0,1.0,1.0,0.0,1.0,0.0,1.0,0.0,0.0,0.0,1.0,0.0
821,kiddja01,Kidd,Jason,2003,East,NBA,1,22,14.0,0.0,3.0,3.0,10.0,2.0,0.0,3.0,1.0,6.0,4.0,4.0,3.0,4.0,3.0
822,kiddja01,Kidd,Jason,2002,East,NBA,1,33,11.0,1.0,4.0,5.0,10.0,5.0,0.0,2.0,0.0,9.0,4.0,2.0,2.0,4.0,1.0
823,kiddja01,Kidd,Jason,2001,East,NBA,1,18,2.0,0.0,1.0,1.0,3.0,1.0,0.0,1.0,0.0,2.0,1.0,0.0,0.0,1.0,0.0
824,kiddja01,Kidd,Jason,2000,West,NBA,1,30,11.0,0.0,4.0,4.0,2.0,5.0,0.0,5.0,3.0,6.0,4.0,0.0,0.0,4.0,3.0
825,kiddja01,Kidd,Jason,1999,West,NBA,1,34,11.0,0.0,5.0,5.0,14.0,4.0,0.0,6.0,0.0,9.0,4.0,0.0,0.0,6.0,3.0
826,kiddja01,Kidd,Jason,1997,West,NBA,1,19,0.0,0.0,1.0,1.0,9.0,0.0,0.0,2.0,2.0,1.0,0.0,0.0,0.0,0.0,0.0
827,kiddja01,Kidd,Jason,2007,East,NBA,1,25,2.0,0.0,4.0,4.0,10.0,4.0,0.0,1.0,0.0,2.0,1.0,0.0,0.0,1.0,0.0
828,kingbe01,King,Bernard,1981,West,NBA,1,14,6.0,0.0,4.0,4.0,1.0,2.0,1.0,2.0,2.0,7.0,2.0,2.0,2.0,0.0,0.0
833,kirilan01,Kirilenko,Andrei,2003,West,NBA,1,12,2.0,0.0,1.0,1.0,0.0,0.0,1.0,0.0,0.0,3.0,1.0,0.0,0.0,1.0,0.0
841,laettch01,Laettner,Christian,1996,East,NBA,1,24,7.0,4.0,7.0,11.0,2.0,1.0,1.0,2.0,4.0,5.0,3.0,1.0,1.0,0.0,0.0
853,laniebo01,Lanier,Bob,1981,East,NBA,1,11,8.0,2.0,1.0,3.0,0.0,2.0,1.0,1.0,3.0,7.0,3.0,2.0,2.0,0.0,0.0
860,leeda02,Lee,David,2009,East,NBA,1,12,4.0,0.0,2.0,2.0,1.0,0.0,0.0,3.0,1.0,3.0,2.0,0.0,0.0,0.0,0.0
866,lewisfr01,Lewis,Freddie,1974,East,ABA,1,33,26.0,0.0,5.0,5.0,10.0,2.0,0.0,6.0,3.0,15.0,11.0,3.0,3.0,1.0,1.0
868,lewisra01,Lewis,Rashard,2008,East,NBA,1,21,8.0,1.0,5.0,6.0,0.0,0.0,0.0,1.0,3.0,6.0,3.0,2.0,1.0,4.0,1.0
869,lewisra01,Lewis,Rashard,2004,West,NBA,1,14,2.0,1.0,3.0,4.0,1.0,1.0,0.0,1.0,2.0,7.0,1.0,0.0,0.0,2.0,0.0
897,magloja01,Magloire,Jamaal,2003,East,NBA,1,21,19.0,3.0,5.0,8.0,0.0,1.0,1.0,1.0,2.0,16.0,9.0,2.0,1.0,0.0,0.0
905,malonka01,Malone,Karl,2000,West,NBA,1,4,0.0,0.0,1.0,1.0,0.0,0.0,0.0,0.0,0.0,2.0,0.0,0.0,0.0,0.0,0.0
906,malonka01,Malone,Karl,1999,West,NBA,1,3,0.0,0.0,0.0,0.0,0.0,0.0,0.0,0.0,0.0,1.0,0.0,0.0,0.0,0.0,0.0
907,malonka01,Malone,Karl,1997,West,NBA,1,17,4.0,0.0,3.0,3.0,2.0,2.0,0.0,0.0,1.0,4.0,2.0,0.0,0.0,0.0,0.0
908,malonka01,Malone,Karl,1996,West,NBA,1,20,4.0,1.0,3.0,4.0,0.0,1.0,1.0,0.0,0.0,8.0,2.0,0.0,0.0,0.0,0.0
928,malonmo01,Malone,Moses,1974,West,ABA,1,20,6.0,3.0,7.0,10.0,0.0,0.0,1.0,1.0,1.0,3.0,2.0,5.0,2.0,0.0,0.0
929,malonmo01,Malone,Moses,1981,West,NBA,1,20,12.0,5.0,6.0,11.0,0.0,2.0,1.0,3.0,2.0,11.0,5.0,6.0,2.0,0.0,0.0
937,marbust01,Marbury,Stephon,2000,East,NBA,1,18,12.0,0.0,0.0,0.0,4.0,0.0,0.0,3.0,2.0,9.0,5.0,2.0,0.0,3.0,2.0
938,marbust01,Marbury,Stephon,2002,West,NBA,1,15,4.0,0.0,1.0,1.0,6.0,0.0,0.0,2.0,0.0,3.0,1.0,2.0,2.0,2.0,0.0
941,mariosh01,Marion,Shawn,2002,West,NBA,1,23,8.0,5.0,2.0,7.0,4.0,3.0,1.0,0.0,1.0,9.0,4.0,0.0,0.0,1.0,0.0
942,mariosh01,Marion,Shawn,2005,West,NBA,1,17,14.0,4.0,4.0,8.0,0.0,1.0,1.0,0.0,1.0,9.0,5.0,7.0,4.0,0.0,0.0
943,mariosh01,Marion,Shawn,2004,West,NBA,1,16,10.0,3.0,0.0,3.0,4.0,0.0,0.0,1.0,0.0,7.0,5.0,1.0,0.0,0.0,0.0
944,mariosh01,Marion,Shawn,2006,West,NBA,1,22,18.0,5.0,3.0,8.0,4.0,2.0,0.0,2.0,0.0,15.0,9.0,0.0,0.0,1.0,0.0
945,martike01,Martin,Kenyon,2003,East,NBA,1,23,17.0,4.0,3.0,7.0,3.0,0.0,0.0,3.0,1.0,10.0,8.0,2.0,1.0,0.0,0.0
953,mashbja01,Mashburn,Jamal,2002,East,NBA,1,14,10.0,0.0,4.0,4.0,2.0,2.0,0.0,0.0,0.0,7.0,4.0,0.0,0.0,2.0,2.0
954,masonan01,Mason,Anthony,2000,East,NBA,1,20,0.0,2.0,2.0,4.0,1.0,1.0,0.0,2.0,2.0,3.0,0.0,0.0,0.0,0.0,0.0
960,mcclate01,McClain,Ted,1973,East,ABA,1,25,12.0,2.0,1.0,3.0,4.0,2.0,0.0,1.0,3.0,8.0,6.0,0.0,0.0,0.0,0.0
963,mcdyean01,McDyess,Antonio,2000,West,NBA,1,15,8.0,3.0,5.0,8.0,2.0,1.0,0.0,0.0,2.0,9.0,4.0,0.0,0.0,0.0,0.0
967,mcginge01,McGinnis,George,1972,West,ABA,1,34,23.0,5.0,10.0,15.0,2.0,1.0,1.0,3.0,5.0,15.0,10.0,6.0,3.0,1.0,0.0
968,mcginge01,McGinnis,George,1973,West,ABA,1,30,14.0,7.0,4.0,11.0,1.0,1.0,0.0,8.0,3.0,21.0,7.0,0.0,0.0,0.0,0.0
969,mcginge01,McGinnis,George,1974,West,ABA,1,32,18.0,3.0,9.0,12.0,5.0,3.0,1.0,3.0,5.0,14.0,6.0,11.0,6.0,1.0,0.0
971,mcgratr01,McGrady,Tracy,2003,East,NBA,1,23,13.0,1.0,3.0,4.0,3.0,0.0,0.0,1.0,0.0,11.0,5.0,4.0,2.0,6.0,1.0
972,mcgratr01,McGrady,Tracy,2002,East,NBA,1,36,29.0,1.0,4.0,5.0,2.0,0.0,0.0,1.0,3.0,17.0,10.0,6.0,5.0,7.0,4.0
973,mcgratr01,McGrady,Tracy,2001,East,NBA,1,23,24.0,2.0,1.0,3.0,4.0,3.0,0.0,1.0,1.0,15.0,9.0,4.0,4.0,4.0,2.0
974,mcgratr01,McGrady,Tracy,2000,East,NBA,1,21,2.0,1.0,0.0,1.0,0.0,2.0,1.0,4.0,0.0,4.0,1.0,0.0,0.0,1.0,0.0
975,mcgratr01,McGrady,Tracy,2006,West,NBA,1,18,8.0,1.0,2.0,3.0,11.0,3.0,0.0,2.0,0.0,8.0,3.0,0.0,0.0,5.0,2.0
976,mcgratr01,McGrady,Tracy,2004,West,NBA,1,24,8.0,1.0,4.0,5.0,5.0,3.0,2.0,3.0,1.0,13.0,4.0,0.0,0.0,4.0,0.0
977,mcgratr01,McGrady,Tracy,2005,West,NBA,1,27,36.0,0.0,0.0,0.0,2.0,1.0,0.0,1.0,1.0,26.0,15.0,7.0,2.0,10.0,4.0
994,melchbi01,Melchionni,Bill,1972,East,ABA,1,24,4.0,3.0,5.0,8.0,2.0,1.0,0.0,4.0,1.0,6.0,1.0,2.0,2.0,0.0,0.0
1008,millebr01,Miller,Brad,2002,East,NBA,1,17,5.0,3.0,3.0,6.0,3.0,0.0,0.0,2.0,2.0,4.0,2.0,2.0,1.0,0.0,0.0
1009,millebr01,Miller,Brad,2003,West,NBA,1,10,8.0,1.0,2.0,3.0,0.0,0.0,0.0,2.0,0.0,5.0,4.0,0.0,0.0,0.0,0.0
1010,millere01,Miller,Reggie,1999,East,NBA,1,21,5.0,0.0,2.0,2.0,3.0,1.0,0.0,1.0,1.0,7.0,1.0,2.0,2.0,6.0,1.0
1011,millere01,Miller,Reggie,1997,East,NBA,1,20,14.0,0.0,0.0,0.0,0.0,1.0,0.0,0.0,2.0,8.0,6.0,2.0,1.0,2.0,1.0
1015,mingya01,Ming,Yao,2003,West,NBA,1,18,16.0,2.0,2.0,4.0,1.0,0.0,0.0,0.0,2.0,14.0,8.0,0.0,0.0,2.0,0.0
1016,mingya01,Ming,Yao,2002,West,NBA,1,17,2.0,0.0,2.0,2.0,0.0,0.0,0.0,0.0,1.0,1.0,1.0,0.0,0.0,0.0,0.0
1017,mingya01,Ming,Yao,2008,West,NBA,1,12,2.0,0.0,3.0,3.0,0.0,0.0,1.0,1.0,2.0,4.0,1.0,0.0,0.0,0.0,0.0
1018,mingya01,Ming,Yao,2004,West,NBA,1,21,11.0,3.0,5.0,8.0,5.0,0.0,1.0,1.0,1.0,9.0,5.0,2.0,1.0,0.0,0.0
1019,mingya01,Ming,Yao,2005,West,NBA,1,19,5.0,0.0,2.0,2.0,1.0,1.0,0.0,0.0,2.0,5.0,2.0,2.0,1.0,0.0,0.0
1020,mingya01,Ming,Yao,2007,West,NBA,1,13,6.0,4.0,1.0,5.0,1.0,0.0,0.0,1.0,0.0,5.0,2.0,2.0,2.0,2.0,0.0
1030,moncrsi01,Moncrief,Sidney,1981,East,NBA,1,22,6.0,3.0,1.0,4.0,1.0,1.0,0.0,1.0,2.0,11.0,3.0,2.0,0.0,0.0,0.0
1038,mournal01,Mourning,Alonzo,2001,East,NBA,1,16,13.0,1.0,2.0,3.0,2.0,0.0,2.0,1.0,1.0,7.0,6.0,1.0,1.0,0.0,0.0
1040,mournal01,Mourning,Alonzo,1999,East,NBA,1,27,15.0,2.0,5.0,7.0,1.0,3.0,4.0,1.0,4.0,11.0,7.0,2.0,1.0,0.0,0.0
1052,mutomdi01,Mutombo,Dikembe,2000,East,NBA,1,28,6.0,3.0,19.0,22.0,0.0,2.0,3.0,2.0,5.0,2.0,2.0,2.0,2.0,0.0,0.0
1053,mutomdi01,Mutombo,Dikembe,1999,East,NBA,1,16,4.0,2.0,6.0,8.0,0.0,0.0,0.0,2.0,0.0,4.0,2.0,0.0,0.0,0.0,0.0
1054,mutomdi01,Mutombo,Dikembe,1997,East,NBA,1,19,9.0,1.0,6.0,7.0,0.0,0.0,1.0,0.0,3.0,5.0,4.0,2.0,1.0,0.0,0.0
1055,mutomdi01,Mutombo,Dikembe,1996,East,NBA,1,15,3.0,2.0,6.0,8.0,0.0,0.0,1.0,1.0,0.0,5.0,1.0,2.0,1.0,0.0,0.0
1059,mutomdi01,Mutombo,Dikembe,2001,East,NBA,1,21,8.0,6.0,4.0,10.0,0.0,0.0,1.0,2.0,0.0,5.0,3.0,2.0,2.0,0.0,0.0
1063,nashst01,Nash,Steve,2002,West,NBA,1,16,2.0,2.0,3.0,5.0,3.0,1.0,0.0,4.0,1.0,3.0,1.0,1.0,0.0,2.0,0.0
1064,nashst01,Nash,Steve,2001,West,NBA,1,24,8.0,2.0,1.0,3.0,9.0,1.0,0.0,0.0,1.0,9.0,3.0,0.0,0.0,4.0,2.0
1065,nashst01,Nash,Steve,2009,West,NBA,1,20,4.0,1.0,0.0,1.0,13.0,0.0,0.0,2.0,0.0,4.0,2.0,0.0,0.0,0.0,0.0
1066,nashst01,Nash,Steve,2007,West,NBA,1,19,8.0,0.0,0.0,0.0,6.0,0.0,1.0,1.0,3.0,8.0,4.0,0.0,0.0,1.0,0.0
1067,nashst01,Nash,Steve,2005,West,NBA,1,28,2.0,1.0,4.0,5.0,6.0,1.0,0.0,2.0,2.0,2.0,1.0,0.0,0.0,0.0,0.0
1068,nashst01,Nash,Steve,2004,West,NBA,1,18,2.0,0.0,0.0,0.0,6.0,0.0,0.0,3.0,0.0,2.0,1.0,0.0,0.0,1.0,0.0
1069,natersw01,Nater,Swen,1973,West,ABA,1,28,29.0,13.0,9.0,22.0,0.0,0.0,2.0,2.0,2.0,24.0,13.0,4.0,3.0,0.0,0.0
1070,natersw01,Nater,Swen,1974,West,ABA,1,26,12.0,2.0,3.0,5.0,1.0,0.0,0.0,2.0,3.0,13.0,5.0,2.0,2.0,0.0,0.0
1081,nixonno01,Nixon,Norm,1981,West,NBA,1,19,14.0,0.0,0.0,0.0,2.0,0.0,0.0,0.0,0.0,14.0,7.0,0.0,0.0,0.0,0.0
1083,nowitdi01,Nowitzki,Dirk,2003,West,NBA,1,13,2.0,0.0,0.0,0.0,1.0,2.0,0.0,2.0,0.0,3.0,1.0,0.0,0.0,1.0,0.0
1084,nowitdi01,Nowitzki,Dirk,2002,West,NBA,1,16,9.0,0.0,1.0,1.0,1.0,0.0,0.0,2.0,1.0,8.0,4.0,0.0,0.0,4.0,1.0
1085,nowitdi01,Nowitzki,Dirk,2001,West,NBA,1,24,12.0,2.0,6.0,8.0,3.0,0.0,0.0,2.0,1.0,11.0,5.0,1.0,1.0,4.0,1.0
1086,nowitdi01,Nowitzki,Dirk,2008,West,NBA,1,14,8.0,0.0,1.0,1.0,1.0,0.0,0.0,0.0,0.0,5.0,3.0,2.0,2.0,0.0,0.0
1087,nowitdi01,Nowitzki,Dirk,2009,West,NBA,1,28,22.0,0.0,4.0,4.0,2.0,1.0,0.0,2.0,2.0,15.0,8.0,6.0,6.0,1.0,0.0
1088,nowitdi01,Nowitzki,Dirk,2007,West,NBA,1,25,13.0,1.0,3.0,4.0,2.0,0.0,0.0,2.0,0.0,14.0,5.0,2.0,2.0,4.0,1.0
1089,nowitdi01,Nowitzki,Dirk,2004,West,NBA,1,21,10.0,3.0,4.0,7.0,2.0,4.0,4.0,3.0,1.0,10.0,4.0,2.0,1.0,3.0,1.0
1090,nowitdi01,Nowitzki,Dirk,2005,West,NBA,1,16,10.0,3.0,3.0,6.0,0.0,0.0,0.0,0.0,2.0,8.0,4.0,3.0,2.0,3.0,0.0
1091,nowitdi01,Nowitzki,Dirk,2006,West,NBA,1,16,9.0,2.0,3.0,5.0,2.0,0.0,0.0,0.0,0.0,9.0,4.0,0.0,0.0,2.0,1.0
1092,o'neaje01,O'Neal,Jermaine,2006,East,NBA,1,23,8.0,3.0,4.0,7.0,1.0,1.0,1.0,0.0,2.0,8.0,4.0,0.0,0.0,0.0,0.0
1093,o'neash01,O'Neal,Shaquille,2006,East,NBA,1,17,10.0,4.0,2.0,6.0,1.0,1.0,1.0,0.0,1.0,13.0,5.0,0.0,0.0,0.0,0.0
1100,okurme01,Okur,Mehmet,2006,West,NBA,1,15,4.0,0.0,2.0,2.0,1.0,0.0,0.0,0.0,0.0,2.0,2.0,2.0,0.0,0.0,0.0
1101,olajuha01,Olajuwon,Hakeem,1996,West,NBA,1,28,11.0,0.0,3.0,3.0,1.0,0.0,1.0,1.0,1.0,8.0,5.0,2.0,1.0,0.0,0.0
1113,oneaje01,O'Neal,Jermaine,2003,East,NBA,1,28,16.0,2.0,7.0,9.0,2.0,1.0,0.0,2.0,0.0,13.0,7.0,4.0,2.0,0.0,0.0
1114,oneaje01,O'Neal,Jermaine,2002,East,NBA,1,33,10.0,4.0,6.0,10.0,0.0,2.0,4.0,2.0,2.0,10.0,3.0,6.0,4.0,0.0,0.0
1115,oneaje01,O'Neal,Jermaine,2001,East,NBA,1,17,7.0,0.0,7.0,7.0,0.0,0.0,0.0,1.0,1.0,5.0,2.0,4.0,3.0,0.0,0.0
1116,oneaje01,O'Neal,Jermaine,2005,East,NBA,1,0,0.0,0.0,0.0,0.0,0.0,0.0,0.0,0.0,0.0,0.0,0.0,0.0,0.0,0.0,0.0
1117,oneaje01,O'Neal,Jermaine,2004,East,NBA,1,19,15.0,1.0,4.0,5.0,1.0,1.0,1.0,1.0,1.0,10.0,6.0,4.0,3.0,0.0,0.0
1118,oneash01,O'Neal,Shaquille,2005,East,NBA,1,23,17.0,3.0,6.0,9.0,4.0,1.0,0.0,2.0,5.0,9.0,7.0,5.0,3.0,0.0,0.0
1119,oneash01,O'Neal,Shaquille,2004,East,NBA,1,26,12.0,0.0,6.0,6.0,1.0,3.0,3.0,0.0,2.0,11.0,6.0,3.0,0.0,1.0,0.0
1120,oneash01,O'Neal,Shaquille,2008,West,NBA,1,11,17.0,4.0,1.0,5.0,3.0,0.0,1.0,2.0,1.0,9.0,8.0,4.0,1.0,0.0,0.0
1121,oneash01,O'Neal,Shaquille,2002,West,NBA,1,26,19.0,3.0,10.0,13.0,1.0,2.0,1.0,3.0,3.0,14.0,8.0,5.0,3.0,0.0,0.0
1124,oneash01,O'Neal,Shaquille,1999,West,NBA,1,25,22.0,4.0,5.0,9.0,3.0,0.0,3.0,4.0,2.0,20.0,11.0,2.0,0.0,0.0,0.0
1125,oneash01,O'Neal,Shaquille,1997,West,NBA,1,18,12.0,2.0,2.0,4.0,1.0,0.0,0.0,2.0,2.0,10.0,5.0,4.0,2.0,0.0,0.0
1131,oneash11,O'Neal,Shaquille,2003,West,NBA,1,24,24.0,5.0,6.0,11.0,1.0,2.0,2.0,4.0,3.0,19.0,12.0,1.0,0.0,0.0,0.0
1140,parisro01,Parish,Robert,1981,East,NBA,1,20,21.0,0.0,7.0,7.0,1.0,0.0,2.0,1.0,2.0,12.0,9.0,4.0,3.0,0.0,0.0
1141,parketo01,Parker,Tony,2008,West,NBA,1,20,14.0,0.0,4.0,4.0,4.0,2.0,0.0,2.0,0.0,11.0,7.0,0.0,0.0,2.0,0.0
1142,parketo01,Parker,Tony,2006,West,NBA,1,24,8.0,0.0,2.0,2.0,10.0,4.0,0.0,1.0,0.0,7.0,4.0,0.0,0.0,0.0,0.0
1143,parketo01,Parker,Tony,2005,West,NBA,1,20,8.0,0.0,0.0,0.0,4.0,0.0,0.0,5.0,1.0,8.0,3.0,2.0,2.0,1.0,0.0
1144,paulch01,Paul,Chris,2007,West,NBA,1,27,16.0,2.0,1.0,3.0,14.0,4.0,0.0,2.0,5.0,14.0,7.0,0.0,0.0,6.0,2.0
1145,paulch01,Paul,Chris,2008,West,NBA,1,29,14.0,1.0,6.0,7.0,14.0,3.0,0.0,1.0,4.0,14.0,7.0,0.0,0.0,1.0,0.0
1146,paultbi01,Paultz,Billy,1972,East,ABA,1,15,3.0,2.0,3.0,5.0,3.0,0.0,0.0,1.0,2.0,3.0,1.0,1.0,1.0,0.0,0.0
1147,paultbi01,Paultz,Billy,1974,East,ABA,1,18,4.0,1.0,3.0,4.0,4.0,1.0,3.0,1.0,2.0,7.0,2.0,0.0,0.0,0.0,0.0
1151,paytoga01,Payton,Gary,2002,West,NBA,1,15,8.0,1.0,0.0,1.0,2.0,0.0,0.0,3.0,3.0,6.0,4.0,0.0,0.0,1.0,0.0
1152,paytoga01,Payton,Gary,2001,West,NBA,1,22,18.0,0.0,1.0,1.0,6.0,3.0,0.0,3.0,1.0,13.0,7.0,0.0,0.0,6.0,4.0
1153,paytoga01,Payton,Gary,2000,West,NBA,1,18,0.0,2.0,2.0,4.0,5.0,2.0,0.0,1.0,2.0,5.0,0.0,0.0,0.0,0.0,0.0
1154,paytoga01,Payton,Gary,1999,West,NBA,1,20,5.0,0.0,4.0,4.0,8.0,2.0,0.0,2.0,1.0,8.0,1.0,3.0,3.0,4.0,0.0
1155,paytoga01,Payton,Gary,1997,West,NBA,1,24,7.0,2.0,1.0,3.0,13.0,2.0,0.0,4.0,0.0,7.0,3.0,0.0,0.0,3.0,1.0
1156,paytoga01,Payton,Gary,1996,West,NBA,1,20,17.0,0.0,1.0,1.0,10.0,2.0,0.0,4.0,2.0,15.0,7.0,2.0,2.0,5.0,1.0
1178,piercpa01,Pierce,Paul,2009,East,NBA,1,11,8.0,0.0,0.0,0.0,0.0,1.0,0.0,1.0,0.0,6.0,3.0,0.0,0.0,3.0,2.0
1179,piercpa01,Pierce,Paul,2008,East,NBA,1,20,18.0,1.0,3.0,4.0,2.0,2.0,0.0,1.0,3.0,11.0,6.0,6.0,5.0,5.0,1.0
1180,piercpa01,Pierce,Paul,2003,East,NBA,1,13,8.0,0.0,1.0,1.0,2.0,1.0,0.0,1.0,2.0,8.0,4.0,0.0,0.0,1.0,0.0
1181,piercpa01,Pierce,Paul,2002,East,NBA,1,18,8.0,0.0,2.0,2.0,3.0,4.0,0.0,2.0,1.0,11.0,4.0,0.0,0.0,5.0,0.0
1182,piercpa01,Pierce,Paul,2001,East,NBA,1,23,19.0,3.0,4.0,7.0,3.0,1.0,0.0,0.0,1.0,18.0,9.0,0.0,0.0,6.0,1.0
1183,piercpa01,Pierce,Paul,2007,East,NBA,1,12,10.0,4.0,0.0,4.0,2.0,0.0,0.0,2.0,0.0,9.0,5.0,0.0,0.0,3.0,0.0
1184,piercpa01,Pierce,Paul,2004,East,NBA,1,15,9.0,0.0,3.0,3.0,3.0,2.0,0.0,0.0,2.0,7.0,4.0,1.0,1.0,2.0,0.0
1185,piercpa01,Pierce,Paul,2005,East,NBA,1,15,7.0,0.0,2.0,2.0,1.0,1.0,0.0,0.0,0.0,6.0,3.0,2.0,1.0,0.0,0.0
1187,pippesc01,Pippen,Scottie,1996,East,NBA,1,25,8.0,0.0,3.0,3.0,2.0,0.0,0.0,2.0,0.0,9.0,4.0,0.0,0.0,3.0,0.0
1207,randoza01,Randolph,Zach,2009,West,NBA,1,19,8.0,3.0,3.0,6.0,2.0,2.0,0.0,1.0,2.0,10.0,4.0,0.0,0.0,0.0,0.0
1209,reddmi01,Redd,Michael,2003,East,NBA,1,15,13.0,2.0,1.0,3.0,2.0,3.0,0.0,1.0,0.0,12.0,5.0,0.0,0.0,6.0,3.0
1218,ricegl01,Rice,Glen,1997,East,NBA,1,16,16.0,1.0,0.0,1.0,0.0,0.0,0.0,1.0,0.0,14.0,6.0,0.0,0.0,6.0,4.0
1219,ricegl01,Rice,Glen,1996,East,NBA,1,25,26.0,1.0,0.0,1.0,1.0,2.0,0.0,1.0,2.0,24.0,10.0,2.0,2.0,7.0,4.0
1224,richami01,Richardson,Micheal Ray,1981,East,NBA,1,20,10.0,0.0,2.0,2.0,4.0,0.0,0.0,1.0,1.0,10.0,5.0,0.0,0.0,0.0,0.0
1225,richmmi01,Richmond,Mitch,1997,West,NBA,1,17,8.0,0.0,1.0,1.0,2.0,0.0,0.0,0.0,0.0,11.0,4.0,0.0,0.0,2.0,0.0
1226,richmmi01,Richmond,Mitch,1996,West,NBA,1,22,9.0,1.0,2.0,3.0,4.0,0.0,0.0,1.0,1.0,7.0,3.0,0.0,0.0,4.0,3.0
1256,robinda01,Robinson,David,2000,West,NBA,1,10,8.0,2.0,2.0,4.0,0.0,0.0,0.0,1.0,3.0,5.0,3.0,4.0,2.0,0.0,0.0
1257,robinda01,Robinson,David,1999,West,NBA,1,7,0.0,1.0,1.0,2.0,0.0,0.0,0.0,1.0,1.0,1.0,0.0,0.0,0.0,0.0,0.0
1258,robinda01,Robinson,David,1997,West,NBA,1,22,15.0,2.0,4.0,6.0,0.0,2.0,2.0,2.0,1.0,4.0,3.0,10.0,9.0,0.0,0.0
1267,robingl01,Robinson,Glenn,2000,East,NBA,1,18,8.0,1.0,3.0,4.0,1.0,1.0,1.0,0.0,0.0,7.0,4.0,0.0,0.0,0.0,0.0
1268,robingl01,Robinson,Glenn,1999,East,NBA,1,17,10.0,2.0,4.0,6.0,0.0,0.0,0.0,0.0,0.0,10.0,5.0,0.0,0.0,0.0,0.0
1279,rondora01,Rondo,Rajon,2009,East,NBA,1,20,4.0,1.0,0.0,1.0,5.0,1.0,0.0,2.0,1.0,3.0,2.0,0.0,0.0,0.0,0.0
1280,rosede01,Rose,Derrick,2009,East,NBA,1,15,8.0,0.0,0.0,0.0,4.0,3.0,0.0,1.0,0.0,8.0,4.0,0.0,0.0,0.0,0.0
1284,roybr01,Roy,Brandon,2008,West,NBA,1,31,14.0,0.0,5.0,5.0,5.0,0.0,0.0,0.0,2.0,8.0,7.0,0.0,0.0,0.0,0.0
1285,roybr01,Roy,Brandon,2007,West,NBA,1,28,18.0,1.0,8.0,9.0,5.0,1.0,1.0,0.0,2.0,10.0,8.0,0.0,0.0,3.0,2.0
1321,schrede01,Schrempf,Detlef,1996,West,NBA,1,20,11.0,1.0,3.0,4.0,2.0,0.0,1.0,1.0,3.0,8.0,5.0,1.0,0.0,3.0,1.0
1346,sheltlo01,Shelton,Lonnie,1981,West,NBA,1,20,7.0,4.0,5.0,9.0,1.0,4.0,0.0,2.0,4.0,3.0,3.0,2.0,1.0,0.0,0.0
1358,sikmaja01,Sikma,Jack,1981,West,NBA,1,21,10.0,2.0,7.0,9.0,1.0,2.0,1.0,0.0,2.0,11.0,5.0,0.0,0.0,0.0,0.0
1359,silasja01,Silas,James,1974,West,ABA,1,23,21.0,1.0,2.0,3.0,5.0,2.0,0.0,2.0,3.0,7.0,5.0,11.0,11.0,0.0,0.0
1365,simpsra01,Simpson,Ralph,1972,West,ABA,1,13,6.0,1.0,2.0,3.0,2.0,1.0,0.0,2.0,1.0,6.0,2.0,3.0,2.0,0.0,0.0
1366,simpsra01,Simpson,Ralph,1973,West,ABA,1,23,12.0,1.0,0.0,1.0,0.0,1.0,0.0,3.0,0.0,17.0,6.0,0.0,0.0,0.0,0.0
1367,simpsra01,Simpson,Ralph,1974,West,ABA,1,25,6.0,1.0,2.0,3.0,0.0,1.0,0.0,3.0,1.0,10.0,3.0,0.0,0.0,0.0,0.0
1376,smithst01,Smith,Steve,1997,East,NBA,1,16,14.0,2.0,1.0,3.0,0.0,0.0,0.0,0.0,0.0,12.0,6.0,0.0,0.0,5.0,2.0
1377,smitsri01,Smits,Rick,1997,East,NBA,1,21,10.0,2.0,5.0,7.0,4.0,0.0,2.0,0.0,3.0,7.0,3.0,4.0,4.0,0.0,0.0
1379,sprewla01,Sprewell,Latrell,1996,West,NBA,1,25,19.0,1.0,2.0,3.0,1.0,2.0,0.0,1.0,2.0,12.0,7.0,6.0,4.0,3.0,1.0
1382,sprewla01,Sprewell,Latrell,2000,East,NBA,1,15,7.0,1.0,0.0,1.0,4.0,0.0,0.0,1.0,1.0,6.0,3.0,3.0,1.0,1.0,0.0
1383,stackje01,Stackhouse,Jerry,2000,East,NBA,1,15,7.0,2.0,0.0,2.0,2.0,0.0,0.0,0.0,1.0,8.0,3.0,2.0,0.0,1.0,1.0
1384,stackje01,Stackhouse,Jerry,1999,East,NBA,1,14,8.0,0.0,1.0,1.0,2.0,0.0,0.0,1.0,2.0,7.0,4.0,0.0,0.0,0.0,0.0
1386,stockjo01,Stockton,John,1999,West,NBA,1,11,10.0,0.0,0.0,0.0,2.0,1.0,0.0,0.0,2.0,5.0,5.0,0.0,0.0,0.0,0.0
1387,stockjo01,Stockton,John,1996,West,NBA,1,20,12.0,0.0,0.0,0.0,5.0,1.0,0.0,1.0,2.0,6.0,5.0,0.0,0.0,2.0,2.0
1396,stojape01,Stojakovic,Peja,2003,West,NBA,1,13,5.0,0.0,1.0,1.0,1.0,0.0,0.0,2.0,0.0,5.0,2.0,0.0,0.0,4.0,1.0
1397,stojape01,Stojakovic,Peja,2002,West,NBA,1,13,5.0,0.0,3.0,3.0,1.0,1.0,0.0,1.0,0.0,7.0,2.0,0.0,0.0,4.0,1.0
1398,stojape01,Stojakovic,Peja,2001,West,NBA,1,18,11.0,2.0,0.0,2.0,1.0,0.0,0.0,0.0,0.0,10.0,4.0,0.0,0.0,5.0,3.0
1402,stoudam01,Stoudemire,Amare,2008,West,NBA,1,25,19.0,3.0,3.0,6.0,0.0,0.0,0.0,2.0,1.0,10.0,7.0,6.0,5.0,0.0,0.0
1403,stoudam01,Stoudemire,Amare,2009,West,NBA,1,20,12.0,3.0,7.0,10.0,0.0,1.0,0.0,2.0,0.0,10.0,5.0,2.0,2.0,0.0,0.0
1404,stoudam01,Stoudemire,Amare,2006,West,NBA,1,21,29.0,6.0,3.0,9.0,3.0,1.0,5.0,1.0,2.0,22.0,14.0,1.0,1.0,1.0,0.0
1405,stoudam01,Stoudemire,Amare,2004,West,NBA,1,20,6.0,4.0,5.0,9.0,2.0,1.0,0.0,1.0,2.0,11.0,3.0,2.0,0.0,0.0,0.0
1406,stoudam01,Stoudemire,Amare,2007,West,NBA,1,23,18.0,0.0,5.0,5.0,0.0,1.0,1.0,1.0,2.0,11.0,8.0,3.0,1.0,2.0,1.0
1408,szczewa01,Szczerbiak,Wally,2001,West,NBA,1,12,10.0,1.0,2.0,3.0,3.0,1.0,0.0,0.0,0.0,6.0,4.0,0.0,0.0,3.0,2.0
1411,taylobr01,Taylor,Brian,1974,East,ABA,1,21,21.0,0.0,1.0,1.0,3.0,4.0,0.0,1.0,4.0,13.0,9.0,5.0,3.0,0.0,0.0
1426,thomais01,Thomas,Isiah,1981,East,NBA,1,17,12.0,1.0,0.0,1.0,4.0,3.0,0.0,1.0,1.0,7.0,5.0,4.0,2.0,0.0,0.0
1431,thompda01,Thompson,David,1982,West,NBA,1,17,10.0,0.0,1.0,1.0,2.0,1.0,0.0,3.0,2.0,7.0,5.0,0.0,0.0,0.0,0.0
1433,thompge01,Thompson,George,1972,East,ABA,1,22,10.0,0.0,1.0,1.0,0.0,0.0,0.0,1.0,1.0,10.0,4.0,2.0,2.0,0.0,0.0
1434,thompge01,Thompson,George,1973,East,ABA,1,21,10.0,0.0,2.0,2.0,3.0,0.0,0.0,4.0,1.0,8.0,5.0,0.0,0.0,0.0,0.0
1454,tripuke01,Tripucka,Kelly,1981,East,NBA,1,15,6.0,0.0,1.0,1.0,2.0,0.0,0.0,1.0,3.0,7.0,3.0,0.0,0.0,0.0,0.0
1455,twardda01,Twardzik,Dave,1974,East,ABA,1,15,14.0,1.0,0.0,1.0,3.0,4.0,0.0,0.0,6.0,4.0,4.0,7.0,6.0,0.0,0.0
1475,vanexni01,Van Exel,Nick,1997,West,NBA,1,20,13.0,1.0,2.0,3.0,2.0,0.0,0.0,2.0,0.0,14.0,5.0,2.0,2.0,6.0,1.0
1481,wadedw01,Wade,Dwyane,2009,East,NBA,1,31,28.0,3.0,3.0,6.0,11.0,5.0,0.0,3.0,4.0,16.0,12.0,6.0,4.0,1.0,0.0
1482,wadedw01,Wade,Dwayne,2008,East,NBA,1,27,18.0,2.0,0.0,2.0,5.0,3.0,0.0,0.0,2.0,13.0,6.0,7.0,4.0,6.0,2.0
1483,wadedw01,Wade,Dwyane,2006,East,NBA,1,24,10.0,0.0,0.0,0.0,3.0,5.0,2.0,6.0,0.0,12.0,5.0,0.0,0.0,0.0,0.0
1484,wadedw01,Wade,Dwyane,2005,East,NBA,1,31,20.0,3.0,1.0,4.0,3.0,2.0,1.0,3.0,1.0,11.0,9.0,2.0,2.0,0.0,0.0
1485,wadedw01,Wade,Dwyane,2004,East,NBA,1,24,14.0,2.0,1.0,3.0,1.0,2.0,1.0,1.0,2.0,13.0,6.0,2.0,2.0,1.0,0.0
1486,wadedw01,Wade,Dwyane,2007,East,NBA,1,21,14.0,1.0,3.0,4.0,3.0,0.0,1.0,2.0,1.0,12.0,7.0,2.0,0.0,1.0,0.0
1487,walkean01,Walker,Antoine,2002,East,NBA,1,9,6.0,0.0,1.0,1.0,0.0,0.0,0.0,1.0,0.0,4.0,2.0,2.0,1.0,3.0,1.0
1488,walkean01,Walker,Antoine,2001,East,NBA,1,16,8.0,0.0,2.0,2.0,1.0,1.0,0.0,2.0,1.0,8.0,3.0,0.0,0.0,4.0,2.0
1489,walkean01,Walker,Antoine,1997,East,NBA,1,15,4.0,1.0,2.0,3.0,3.0,1.0,0.0,1.0,0.0,8.0,2.0,0.0,0.0,3.0,0.0
1499,wallabe01,Wallace,Ben,2003,East,NBA,1,23,4.0,2.0,5.0,7.0,0.0,3.0,1.0,0.0,0.0,5.0,2.0,0.0,0.0,1.0,0.0
1500,wallabe01,Wallace,Ben,2002,East,NBA,1,24,2.0,4.0,2.0,6.0,0.0,2.0,2.0,2.0,1.0,2.0,1.0,2.0,0.0,0.0,0.0
1501,wallabe01,Wallace,Ben,2005,East,NBA,1,24,0.0,0.0,8.0,8.0,2.0,3.0,2.0,0.0,3.0,1.0,0.0,2.0,0.0,0.0,0.0
1502,wallabe01,Wallace,Ben,2004,East,NBA,1,14,6.0,4.0,3.0,7.0,0.0,0.0,0.0,2.0,2.0,7.0,3.0,0.0,0.0,0.0,0.0
1503,wallage01,Wallace,Gerald,2009,East,NBA,1,16,2.0,0.0,3.0,3.0,1.0,0.0,0.0,0.0,0.0,3.0,1.0,0.0,0.0,0.0,0.0
1504,wallara01,Wallace,Rasheed,2000,West,NBA,1,21,2.0,1.0,3.0,4.0,2.0,1.0,0.0,2.0,0.0,7.0,1.0,0.0,0.0,1.0,0.0
1505,wallara01,Wallace,Rasheed,1999,West,NBA,1,21,9.0,2.0,2.0,4.0,0.0,1.0,1.0,0.0,0.0,6.0,3.0,4.0,3.0,0.0,0.0
1506,wallara01,Wallace,Rasheed,2005,East,NBA,1,17,2.0,0.0,2.0,2.0,0.0,1.0,0.0,0.0,1.0,6.0,1.0,0.0,0.0,4.0,0.0
1507,wallara01,Wallace,Rasheed,2007,East,NBA,1,17,3.0,3.0,2.0,5.0,0.0,1.0,2.0,1.0,2.0,5.0,1.0,0.0,0.0,5.0,1.0
1520,webbech01,Webber,Chris,2001,West,NBA,1,20,8.0,3.0,0.0,3.0,4.0,1.0,0.0,2.0,2.0,7.0,3.0,4.0,1.0,2.0,1.0
1521,webbech01,Webber,Chris,2000,West,NBA,1,29,14.0,4.0,5.0,9.0,3.0,1.0,0.0,1.0,2.0,14.0,6.0,4.0,2.0,1.0,0.0
1522,webbech01,Webber,Chris,1999,West,NBA,1,13,6.0,3.0,5.0,8.0,3.0,1.0,0.0,2.0,2.0,10.0,3.0,0.0,0.0,0.0,0.0
1523,webbech01,Webber,Chris,1996,East,NBA,1,14,2.0,1.0,3.0,4.0,3.0,1.0,0.0,3.0,3.0,4.0,1.0,0.0,0.0,0.0,0.0
1525,westda01,West,David,2007,West,NBA,1,16,6.0,2.0,2.0,4.0,1.0,0.0,0.0,1.0,1.0,6.0,3.0,0.0,0.0,0.0,0.0
1526,westda01,West,David,2008,West,NBA,1,14,6.0,1.0,2.0,3.0,0.0,1.0,0.0,0.0,2.0,5.0,3.0,0.0,0.0,0.0,0.0
1579,willibu01,Williams,Buck,1981,East,NBA,1,22,4.0,1.0,9.0,10.0,1.0,0.0,2.0,3.0,0.0,7.0,2.0,2.0,0.0,0.0,0.0
1582,willich02,Williams,Chuck,1972,West,ABA,1,16,5.0,0.0,0.0,0.0,2.0,0.0,0.0,1.0,2.0,3.0,2.0,3.0,1.0,0.0,0.0
1584,willide01,Williams,Deron,2009,West,NBA,1,28,14.0,0.0,3.0,3.0,6.0,4.0,1.0,5.0,4.0,11.0,6.0,0.0,0.0,4.0,2.0
1586,willigu01,Williams,Gus,1981,West,NBA,1,26,22.0,2.0,0.0,2.0,9.0,1.0,0.0,0.0,1.0,19.0,9.0,4.0,4.0,1.0,0.0
1587,willija01,Williams,Jayson,1997,East,NBA,1,19,4.0,3.0,7.0,10.0,1.0,0.0,0.0,0.0,2.0,3.0,2.0,0.0,0.0,0.0,0.0
1589,willima01,Williams,Mo,2008,East,NBA,1,17,12.0,1.0,1.0,2.0,5.0,0.0,0.0,2.0,0.0,10.0,5.0,0.0,0.0,5.0,2.0
1593,wisewi01,Wise,Willie,1972,West,ABA,1,37,26.0,2.0,4.0,6.0,4.0,0.0,0.0,1.0,3.0,20.0,11.0,4.0,4.0,0.0,0.0
1594,wisewi01,Wise,Willie,1973,West,ABA,1,25,8.0,6.0,1.0,7.0,0.0,1.0,1.0,1.0,1.0,12.0,4.0,0.0,0.0,0.0,0.0
